check;claim_id;source_short;volume_t_per_yr;path;name;detail;suggested_fix;DECISION_fix
unmarked-total;C-006;OVAM Monitor voedselverlies 2023;203;Dierlijk - vis > Vis;Opgehouden vis - totale voedselreststroom visveilingen;the source calls this a total;prefix the name with 'AGGREGAAT - ';
unmarked-total;C-186;OVAM Monitor voedselverlies 2020;15954;Plantaardig - tuinbouw;Totale voedselreststroom producentenorganisaties groenten en fruit;the source calls this a total;prefix the name with 'AGGREGAAT - ';
unmarked-residual-class;C-300;MONBIO 4.0;25749;Dierlijk - vee > Vlees > Varken;Vlees van varkens, gezouten, gedroogd of gerookt - bacon en ham (Prodcom 101311);a leftover class of the nomenclature, not a named stream;"prefix with 'AGGREGAAT - '; it will sit in the unallocated band";
unmarked-residual-class;C-301;MONBIO 4.0;1419;Dierlijk - vee > Vlees > Rund;Vlees van runderen, gezouten, gedroogd of gerookt (Prodcom 101312);a leftover class of the nomenclature, not a named stream;"prefix with 'AGGREGAAT - '; it will sit in the unallocated band";
unmarked-residual-class;C-311;MONBIO 4.0;155;Dierlijk - vis > Vis > Weekdieren;Weekdieren, bevroren, gedroogd, gezouten of gepekeld (Prodcom 102032);a leftover class of the nomenclature, not a named stream;"prefix with 'AGGREGAAT - '; it will sit in the unallocated band";
unmarked-residual-class;C-314;MONBIO 4.0;56585;Plantaardig - akkerbouw > Aardappelen en knolgewassen > Aardappel;Meel, gries, vlokken, korrels en pellets van gedroogde aardappelen (Prodcom 103113);a leftover class of the nomenclature, not a named stream;"prefix with 'AGGREGAAT - '; it will sit in the unallocated band";
unmarked-residual-class;C-341;MONBIO 4.0;395511;Varia > Olien, vetten > Margarine en andere eetbare vetten;Margarine en andere eetbare vetten (Prodcom 104210);a leftover class of the nomenclature, not a named stream;"prefix with 'AGGREGAAT - '; it will sit in the unallocated band";
unmarked-residual-class;C-348;MONBIO 4.0;101256;Dierlijk - vee > Melk > Kaas en wrongel;Kaas en wrongel (Prodcom 105140);a leftover class of the nomenclature, not a named stream;"prefix with 'AGGREGAAT - '; it will sit in the unallocated band";
unmarked-residual-class;C-350;MONBIO 4.0;358250;Dierlijk - vee > Melk > Zuivelproducten, n.e.g.;Zuivelproducten, n.e.g. (Prodcom 105156);a leftover class of the nomenclature, not a named stream;"prefix with 'AGGREGAAT - '; it will sit in the unallocated band";
unmarked-total;C-450;MONBIO 3.0;14335;Dierlijk - vis > Vis > Vis (alle soorten);Aanlanding vis (totale aanlanding, incl. opgehouden en afgekeurd);the source calls this a total;prefix the name with 'AGGREGAAT - ';
unmarked-total;C-451;MONBIO 3.0;1287;Dierlijk - vis > Vis > Schaaldieren;Aanlanding schaaldieren (totale aanlanding, incl. opgehouden en afgekeurd);the source calls this a total;prefix the name with 'AGGREGAAT - ';
unmarked-total;C-452;MONBIO 3.0;2684;Dierlijk - vis > Vis > Weekdieren;Aanlanding weekdieren (totale aanlanding, incl. opgehouden en afgekeurd);the source calls this a total;prefix the name with 'AGGREGAAT - ';
unmarked-residual-class;C-485;MONBIO 3.0;28454;Dierlijk - vee > Vlees > Varken;Vlees van varkens, gezouten, gedroogd of gerookt - bacon en ham (Prodcom 101311);a leftover class of the nomenclature, not a named stream;"prefix with 'AGGREGAAT - '; it will sit in the unallocated band";
unmarked-residual-class;C-486;MONBIO 3.0;1348;Dierlijk - vee > Vlees > Rund;Vlees van runderen, gezouten, gedroogd of gerookt (Prodcom 101312);a leftover class of the nomenclature, not a named stream;"prefix with 'AGGREGAAT - '; it will sit in the unallocated band";
unmarked-residual-class;C-497;MONBIO 3.0;182;Dierlijk - vis > Vis > Weekdieren;Weekdieren, bevroren, gedroogd, gezouten of gepekeld (Prodcom 102032);a leftover class of the nomenclature, not a named stream;"prefix with 'AGGREGAAT - '; it will sit in the unallocated band";
unmarked-residual-class;C-498;MONBIO 3.0;8000;Dierlijk - vis > Vis > Schaal- en weekdieren;Schaaldieren, weekdieren en andere ongewervelde waterdieren en zeewier, bereid of verduurzaamd (Prodcom 102034);a leftover class of the nomenclature, not a named stream;"prefix with 'AGGREGAAT - '; it will sit in the unallocated band";
unmarked-residual-class;C-501;MONBIO 3.0;54913;Plantaardig - akkerbouw > Aardappelen en knolgewassen > Aardappel;Meel, gries, vlokken, korrels en pellets van gedroogde aardappelen (Prodcom 103113);a leftover class of the nomenclature, not a named stream;"prefix with 'AGGREGAAT - '; it will sit in the unallocated band";
unmarked-residual-class;C-531;MONBIO 3.0;395511;Varia > Olien, vetten > Margarine en andere eetbare vetten;Margarine en andere eetbare vetten (Prodcom 104210);a leftover class of the nomenclature, not a named stream;"prefix with 'AGGREGAAT - '; it will sit in the unallocated band";
unmarked-residual-class;C-538;MONBIO 3.0;93967;Dierlijk - vee > Melk > Kaas en wrongel;Kaas en wrongel (Prodcom 105140);a leftover class of the nomenclature, not a named stream;"prefix with 'AGGREGAAT - '; it will sit in the unallocated band";
unmarked-residual-class;C-541;MONBIO 3.0;328573;Dierlijk - vee > Melk > Zuivelproducten, n.e.g.;Zuivelproducten, n.e.g. (Prodcom 105156);a leftover class of the nomenclature, not a named stream;"prefix with 'AGGREGAAT - '; it will sit in the unallocated band";
unmarked-total;C-587;MONBIO 3.0;2358924.12;Plantaardig - akkerbouw > Granen;Bier, totale Belgische productie volgens Statbel (Belgie);the source calls this a total;prefix the name with 'AGGREGAAT - ';
unmarked-total;C-490;MONBIO 3.0;67677;Dierlijk - vee > Vlees > Rund;Rundsvlees, Vlaamse productie (vers/gekoeld + bevroren);equals the sum of C-473 + C-476;prefix with 'AGGREGAAT - ' if it really is their total;
unmarked-total;C-491;MONBIO 3.0;384216;Dierlijk - vee > Vlees > Varken;Varkensvlees, Vlaamse productie (vers/gekoeld + bevroren);equals the sum of C-474 + C-477;prefix with 'AGGREGAAT - ' if it really is their total;
unmarked-total;C-492;MONBIO 3.0;509240;Dierlijk - vee > Vlees > Gevogelte;Vlees van gevogelte, Vlaamse productie (vers/gekoeld + bevroren);equals the sum of C-478 + C-479;prefix with 'AGGREGAAT - ' if it really is their total;
