gap_id;sector_or_product;chain_stage;what_exists_now;claim_ids;mass_t_per_yr;what_detail_is_missing;why_it_matters;source_type_to_find;named_candidate_in_sheet;status
G-10;Aardappelverwerking;Voedingsindustrie;one sector total, zero component rows;"C-094 (2023); C-195 (2020)";"621063; 653463";aardappelschillen, stoomschillen, aardappelvezel, aardappeleiwit - none of these words appears anywhere in the 801 claims. The only potato food-industry residual row is C-314/C-501, which is a dried-potato PRODUCT, not residue.;The largest food-industry block with no detail at all, in the sector Flanders leads in Europe. Each fraction would be a named, homogeneous, well-characterised L4 stream.;a processing-sector source that carves by PROCESS: peeling, steam peeling, cutting, drying;"S058 (ILVO TransBio WP3) - no PDF yet; otherwise Belgapom / VLAM, not in the sheet";open
G-04;Vlees - per diersoort;Voedingsindustrie;"a sector total and two category totals; after FIX_LIST F1+F2 also two mixed-species streams";"C-277 / C-462 (sector); C-308 / C-493 (eetbaar totaal); C-298 / C-295 (promotable)";"631000; 217672; 169051; 82576";a per-species split. The register holds production per species (varken 1.253.312 t, rund 263.322 t) but nothing linking production to offal yield, so the split cannot be derived - and deriving it would break the register's own rule.;Applying F1 and F2 gives two usable streams today, but a buyer needs to know how much is beef and how much is pork. That half only a source can answer.;a slaughterhouse or rendering-sector source reporting by-products per species, or a species-resolved rendering figure;none - the sheet has no slaughter/rendering source that is not retired;open (half fixable now via F1/F2)
G-09;Zuivelverwerking - wei;Voedingsindustrie;one sector nevenstroom figure with no components;"C-282; C-467 (70.000 each); OVAM Melk C-100 / C-200";"70000; 135226";wei / kaaswei / weipoeder / melkserum / permeaat / retentaat / lactose - NOT ONE of these appears anywhere in the workbook, in any role or status.;The register holds koemelk 4.450.280 t and kaas en wrongel 101.256 t. Cheese separates roughly nine parts whey to one part curd (industry rule of thumb, deliberately not derived here), so a 70.000 t dairy nevenstroom cannot be counting whey. Whey is treated as a product and falls outside both monitors' definitions.;a dairy-sector source: BCZ, or a Flemish dairy-processing study;none - no dairy-processing source in the 91-row sheet;open
G-11;Dranken;Voedingsindustrie;"a subgroup total; exactly one named beverage stream in the whole corpus";"C-095 (2023); C-196 (2020); bostel C-397 / C-590";"378539; 343166";draf / DDGS, biergist, vinasse, sapresidu. Bostel (134.653 t) is the only named beverage side stream, so at most a third of the OVAM figure has a name. Gist appears only as a production row.;Brewing and distilling are large, well-characterised Flemish sectors and their side streams are among the best documented in the literature - just not here.;a brewers' / distillers' federation figure, or a biomethane-potential study that lists its input streams;"S053 (Biogas-E, input streams) or S012 (Vlaco) - both destination-side and partial; S058";open
G-12;Cacao en chocolade;Voedingsindustrie;an aggregate NAMED for the sector that contains none of it;"C-286; C-471";"403000; 394000";cacaodoppen, cacaoschillen, cacaoperskoek - absent from the workbook. The 'suiker EN CHOCOLADE' aggregate is provably all sugar: melasse 56.806 + bietenpulp 337.649 = 394.455 against a printed 394 kton.;Belgium is one of Europe's largest cocoa processors and the plants are in Flanders. Cocoa shell is clean, dry and has an established market.;a cocoa/chocolate sector source or a plant-level study;none - Choprabisco is not in the sheet;open
G-01;Retail en grootdistributie;Retail & grootdistributie;17 rows, every one an aggregate at level 2, zero component rows;"C-105; C-103; C-104; C-203..C-214";132082;any product-group split. Retail waste concentrates in bakery goods, bananas and soft fruit, ready meals and fresh produce nearing date.;Narrow, high-volume, well-known streams - exactly what BioMobi selects - and the stage is reported as one number.;a retailer-federation study reporting by product group;"S067 (Comeos, 64.271 t) - no PDF yet; S035 (Foodsavers); S041 (Eurostat NACE G47, Belgium only)";open
G-13;Bakkerij;Voedingsindustrie;a subgroup total, zero components;"C-093 (2023); C-194 (2020)";"122276; 37755";broodoverschot, bakkerijretour, deegresten. The register holds Vers brood production 303.437 t and no bread-waste stream.;Also note the 3,2x jump between the two OVAM editions (37.755 -> 122.276), unexplained on the rows - a real change or a method change.;a NACE- or EURAL-carved waste statistic, or a bakery-federation figure;"S025 (OVAM bedrijfsafval, ref. yr 2022, EURAL carving) - no PDF yet; S067 for the retail half";open
G-14;Olien en vetten, en frituurvet;Voedingsindustrie;a subgroup total, zero components;"C-096 (2023); C-197 (2020)";"95895; 57723";frituurvet / afgewerkt vet - absent from the workbook. MONBIO's oilseed meal sits in a different branch and is Belgian (G-06).;Used frying fat is separately collected in Flanders, so a collector figure should exist.;"used-oil collector or federation data; a NACE/EURAL waste statistic";S025 - no PDF yet;open
G-15;Voedergewassen, industriele gewassen, peulvruchten;Primaire productie;three L3 residual aggregates with ZERO component rows in either edition;"C-242 / C-423; C-243 / C-424; C-244 / C-425";"101780; 55065; 46542  (MONBIO 4.0)";a per-crop residue figure for any of the three.;"The asymmetry is the tell: the PRODUCTION side of these same groups is fully resolved to L4 - Voedermais 5.395.992 t, Gras 3.939.458 t, Voederbiet 360.547 t, Cichorei 90.000 t, Vlas 23.000 t. The dictionary has the members; only the residual side is missing.";a field-residue ratio source per fodder / fibre / pulse crop;S077 (Vlaanderen Circulair, 14 crop types) - a re-aggregation of MONBIO, not a new measurement;open
G-06;Oliezaadschroot - geografie;Voedingsindustrie;four selectable streams, all on a BELGIAN figure;"C-330..C-333; C-519..C-522";"857931 (Kool- en raapzaad); 245000; 170000; 58000";a Flemish crush or press figure. MONBIO prints these as 'ruwe productie (Belgie)' because crushing statistics are only published nationally.;Includes the corpus' #2 stream. Every other figure in the selection is Flemish, so the shortlist rests on a national denominator at its second-largest entry. The register's one sanctioned Belgium->Flanders equivalence covers fishing ports only.;a Flemish crush figure, or a source stating the Flemish share of Belgian crush;S058 - no PDF yet;open
G-17;Visverwerking;Voedingsindustrie / Visserij;32 selectable rows totalling 839 t, all opgehouden vis at the auctions;"C-022..C-034; C-130..C-143";839;"visafval, visresten, visgraat, viskop - absent. The Visserij stage has zero L4/L5 rows; its only figure is the discards row of FIX_LIST F4.";Fish processing residue is a characterised protein and oil stream and the register has none of it.;an ILVO fisheries or fish-processing source;one sheet row is flagged 'yes (FISHERIES side streams)' - locate it;open
G-02;Producentenorganisaties en veilingen;Producentenorganisaties/veilingen;the stage reported at level 2 only, plus seven auction rows from S065;"C-087..C-089; C-186..C-188; C-769..C-775";"15189; 5190";whether the 15.189 t is the whole stage or only EU-subsidised withdrawal.;Two readings lead to opposite conclusions. If doordraai is genuinely small because the GMO regime is a crisis instrument, this is NOT a gap and the entry closes.;FACT-CHECK FIRST, do not commission: VBT or one auction's jaarverslag against the 15.189 t;n/a;needs fact-check before it is treated as a gap
G-16;Eieren en eierschalen;Primaire productie;five rows, all at L3, no L4 anywhere;"C-047; C-060; C-170; C-071; C-182";1282;eierschalen - absent from the workbook.;Small in tonnage, but a complete absence in a sector Flanders has.;a poultry / egg sector source;none;open
G-18;Zeven MONBIO 4.0 cellen, vertrouwelijk;Voedingsindustrie;"values for 2020 only; the 2021 edition suppresses them";"C-550 (zetmeel); C-555 (bietenpulp); C-560 (koffie) + 4 more";"284549; 661550; 36953";the 2021 values. A confidential Prodcom cell is an absence, never a zero, so no re-reading of S091 will produce them.;Zetmeel is the #5 stream in the shortlist and is single-source for this reason alone - not because the register missed it.;"suppression is per year, so a later edition may un-suppress a different subset; also Eurostat Prodcom directly";S078 (MONBIO web portal) - a scraping route, not a PDF;open
