claim_id;source_short;reference_year;volume_t_per_yr;level_1to5;chain_L2;L2_commodity_group;L3_commodity_subgroup;stream_name_NL;branch_has_L4;proposal;why;DECISION;NOTES
C-095;OVAM Monitor voedselverlies 2023;2023;378539;3;Voedingsindustrie;Varia;Dranken;Voedselreststromen Dranken (voedingsindustrie);no;subgroup-figure;the name is the source's own subgroup wording - probably its finest grain;;
C-196;OVAM Monitor voedselverlies 2020;2020;343166;3;Voedingsindustrie;Varia;Dranken;Voedselreststromen voedingsindustrie - Dranken;no;subgroup-figure;the name is the source's own subgroup wording - probably its finest grain;;
C-036;OVAM Monitor voedselverlies 2023;2023;291180;3;Primaire productie;Plantaardig - tuinbouw;Groenten openlucht;Voedselreststromen groenten openlucht;no;subgroup-figure;the name is the source's own subgroup wording - probably its finest grain;;
C-051;OVAM Monitor voedselverlies 2023;2023;220057;3;Primaire productie;Plantaardig - tuinbouw;Groenten openlucht;Voedselverliezen groenten openlucht;no;subgroup-figure;the name is the source's own subgroup wording - probably its finest grain;;
C-161;OVAM Monitor voedselverlies 2020;2020;197842;3;Primaire productie;Plantaardig - tuinbouw;Groenten openlucht;Voedselverliezen groenten openlucht;no;subgroup-figure;the name is the source's own subgroup wording - probably its finest grain;;
C-093;OVAM Monitor voedselverlies 2023;2023;122276;3;Voedingsindustrie;Varia;Bakkerij;Voedselreststromen Bakkerij (voedingsindustrie);no;subgroup-figure;the name is the source's own subgroup wording - probably its finest grain;;
C-096;OVAM Monitor voedselverlies 2023;2023;95895;3;Voedingsindustrie;Varia;Olien, vetten;Voedselreststromen Olien, vetten (voedingsindustrie);no;subgroup-figure;the name is the source's own subgroup wording - probably its finest grain;;
C-062;OVAM Monitor voedselverlies 2023;2023;71123;3;Primaire productie;Plantaardig - tuinbouw;Groenten openlucht;Nevenstromen groenten openlucht;no;subgroup-figure;the name is the source's own subgroup wording - probably its finest grain;;
C-173;OVAM Monitor voedselverlies 2020;2020;62338;3;Primaire productie;Plantaardig - tuinbouw;Groenten openlucht;Nevenstromen groenten openlucht;no;subgroup-figure;the name is the source's own subgroup wording - probably its finest grain;;
C-197;OVAM Monitor voedselverlies 2020;2020;57723;3;Voedingsindustrie;Varia;Olien, vetten;Voedselreststromen voedingsindustrie - Oliën, vetten;no;subgroup-figure;the name is the source's own subgroup wording - probably its finest grain;;
C-194;OVAM Monitor voedselverlies 2020;2020;37755;3;Voedingsindustrie;Varia;Bakkerij;Voedselreststromen voedingsindustrie - Bakkerij;no;subgroup-figure;the name is the source's own subgroup wording - probably its finest grain;;
C-038;OVAM Monitor voedselverlies 2023;2023;30532;3;Primaire productie;Plantaardig - tuinbouw;Fruit;Voedselreststromen fruit;no;subgroup-figure;the name is the source's own subgroup wording - probably its finest grain;;
C-053;OVAM Monitor voedselverlies 2023;2023;24933;3;Primaire productie;Plantaardig - tuinbouw;Fruit;Voedselverliezen fruit;no;subgroup-figure;the name is the source's own subgroup wording - probably its finest grain;;
C-163;OVAM Monitor voedselverlies 2020;2020;23908;3;Primaire productie;Plantaardig - tuinbouw;Fruit;Voedselverliezen fruit;no;subgroup-figure;the name is the source's own subgroup wording - probably its finest grain;;
C-162;OVAM Monitor voedselverlies 2020;2020;21363;3;Primaire productie;Plantaardig - tuinbouw;Groenten beschut;Voedselverliezen groenten beschutte teelt;no;subgroup-figure;the name is the source's own subgroup wording - probably its finest grain;;
C-037;OVAM Monitor voedselverlies 2023;2023;19173;3;Primaire productie;Plantaardig - tuinbouw;Groenten beschut;Voedselreststromen groenten beschutte teelt;no;subgroup-figure;the name is the source's own subgroup wording - probably its finest grain;;
C-052;OVAM Monitor voedselverlies 2023;2023;19104;3;Primaire productie;Plantaardig - tuinbouw;Groenten beschut;Voedselverliezen groenten beschutte teelt;no;subgroup-figure;the name is the source's own subgroup wording - probably its finest grain;;
C-186;OVAM Monitor voedselverlies 2020;2020;15954;2;Producentenorganisaties/veilingen;Plantaardig - tuinbouw;;Totale voedselreststroom producentenorganisaties groenten en fruit;no;subgroup-figure;the name is the source's own subgroup wording - probably its finest grain;;
C-087;OVAM Monitor voedselverlies 2023;2023;15189;2;Producentenorganisaties/veilingen;Plantaardig - tuinbouw;;Niet verkocht product PO's - voedselreststroom;no;subgroup-figure;the name is the source's own subgroup wording - probably its finest grain;;
C-088;OVAM Monitor voedselverlies 2023;2023;15181;2;Producentenorganisaties/veilingen;Plantaardig - tuinbouw;;Niet verkocht product PO's - voedselverliezen;no;subgroup-figure;the name is the source's own subgroup wording - probably its finest grain;;
C-187;OVAM Monitor voedselverlies 2020;2020;15156;2;Producentenorganisaties/veilingen;Plantaardig - tuinbouw;;Voedselverliezen producentenorganisaties groenten en fruit;no;subgroup-figure;the name is the source's own subgroup wording - probably its finest grain;;
C-457;MONBIO 3.0;2020;7707;3;Visserij;Dierlijk - vis;Vis;Teruggegooide vis (ongewenste bijvangst);yes;promote;the name is one named material, not a statistical grouping;;
C-273;MONBIO 4.0;2021;7500;3;Visserij;Dierlijk - vis;Vis;Teruggegooide vis (ongewenste bijvangst);yes;promote;the name is one named material, not a statistical grouping;;
C-064;OVAM Monitor voedselverlies 2023;2023;5600;3;Primaire productie;Plantaardig - tuinbouw;Fruit;Nevenstromen fruit;no;subgroup-figure;the name is the source's own subgroup wording - probably its finest grain;;
C-175;OVAM Monitor voedselverlies 2020;2020;5421;3;Primaire productie;Plantaardig - tuinbouw;Fruit;Nevenstromen fruit;no;subgroup-figure;the name is the source's own subgroup wording - probably its finest grain;;
C-040;OVAM Monitor voedselverlies 2023;2023;5227;3;Primaire productie;Plantaardig - akkerbouw;Granen;Voedselreststromen granen;no;subgroup-figure;the name is the source's own subgroup wording - probably its finest grain;;
C-055;OVAM Monitor voedselverlies 2023;2023;5227;3;Primaire productie;Plantaardig - akkerbouw;Granen;Voedselverliezen granen;no;subgroup-figure;the name is the source's own subgroup wording - probably its finest grain;;
C-165;OVAM Monitor voedselverlies 2020;2020;3784;3;Primaire productie;Plantaardig - akkerbouw;Granen;Voedselverliezen granen;no;subgroup-figure;the name is the source's own subgroup wording - probably its finest grain;;
C-212;OVAM Monitor voedselverlies 2020;2020;3191;2;Producentenorganisaties/veilingen;Plantaardig - tuinbouw;;Levensmiddelenafval producentenorganisaties groenten en fruit (EU-definitie voedselafval);no;subgroup-figure;the name is the source's own subgroup wording - probably its finest grain;;
C-188;OVAM Monitor voedselverlies 2020;2020;798;2;Producentenorganisaties/veilingen;Plantaardig - tuinbouw;;Nevenstromen producentenorganisaties groenten en fruit;no;subgroup-figure;the name is the source's own subgroup wording - probably its finest grain;;
C-006;OVAM Monitor voedselverlies 2023;2023;203;3;Visveilingen;Dierlijk - vis;Vis;Opgehouden vis - totale voedselreststroom visveilingen;yes;subgroup-figure;the name is the source's own subgroup wording - probably its finest grain;;
C-145;OVAM Monitor voedselverlies 2020;2020;104;3;Visveilingen;Dierlijk - vis;Vis;Voedselverliezen visveilingen (eetbare fractie, 50%-aanname);yes;subgroup-figure;the name is the source's own subgroup wording - probably its finest grain;;
C-146;OVAM Monitor voedselverlies 2020;2020;104;3;Visveilingen;Dierlijk - vis;Vis;Nevenstromen visveilingen (niet-eetbare fractie, 50%-aanname);yes;subgroup-figure;the name is the source's own subgroup wording - probably its finest grain;;
C-007;OVAM Monitor voedselverlies 2023;2023;101.5;3;Visveilingen;Dierlijk - vis;Vis;Opgehouden vis - voedselverlies visveilingen;yes;subgroup-figure;the name is the source's own subgroup wording - probably its finest grain;;
C-008;OVAM Monitor voedselverlies 2023;2023;101.5;3;Visveilingen;Dierlijk - vis;Vis;Opgehouden vis - nevenstroom visveilingen;yes;subgroup-figure;the name is the source's own subgroup wording - probably its finest grain;;
C-174;OVAM Monitor voedselverlies 2020;2020;71;3;Primaire productie;Plantaardig - tuinbouw;Groenten beschut;Nevenstromen groenten beschutte teelt;no;subgroup-figure;the name is the source's own subgroup wording - probably its finest grain;;
C-063;OVAM Monitor voedselverlies 2023;2023;69;3;Primaire productie;Plantaardig - tuinbouw;Groenten beschut;Nevenstromen groenten beschutte teelt;no;subgroup-figure;the name is the source's own subgroup wording - probably its finest grain;;
C-089;OVAM Monitor voedselverlies 2023;2023;8;2;Producentenorganisaties/veilingen;Plantaardig - tuinbouw;;Niet verkocht product PO's - nevenstromen;no;subgroup-figure;the name is the source's own subgroup wording - probably its finest grain;;
C-066;OVAM Monitor voedselverlies 2023;2023;0;3;Primaire productie;Plantaardig - akkerbouw;Granen;Nevenstromen granen;no;subgroup-figure;the name is the source's own subgroup wording - probably its finest grain;;
C-177;OVAM Monitor voedselverlies 2020;2020;0;3;Primaire productie;Plantaardig - akkerbouw;Granen;Nevenstromen granen;no;subgroup-figure;the name is the source's own subgroup wording - probably its finest grain;;
