id;skip_class;meets_filter_min50kt_from2020;DECISION;printed_in;page_table;reference_year;tonnage;assigned_owner;owner_status;what_it_is;new_split_it_carries;in_corpus_now;why_it_does_or_does_not_meet_the_filter;note
R-01;restatement;nee (jaar 2018);applied;S007 + S091;T46 p.158 / T64 p.166;2018;76.529;S005;RETIRED;NACE 10.5 zuivel, kolom plant en dier - de helft MET afvalstatuut;ja - de juridische helft die het OVAM/MONBIO-verschil verklaart;GECAPTEERD 2026-09-10 als C-804 (S091) / C-805 (S007);valt buiten de filter, maar de reviewer vroeg er expliciet om;samen met C-802/C-803 (melkwei 49.722) = 126.251 t tegenover OVAM 123.219 t (2020): 2,4% verschil
R-02;restatement;nee (jaar 2018);;S007 + S091;T46 p.158-159 / T64 p.166-167;2018;1.198.839 over 11 NACE-rijen;S005;RETIRED;de overige in-scope NACE-rijen, kolom plant en dier, MET afvalstatuut;nee - NACE-sectorlompen op dezelfde korrel als C-094 en zusters;afwezig;"jaar 2018; en de korrel is te grof om een gap te sluiten";reviewer besliste dit al op 2026-09-08: de uitzondering is enkel de zuivelcel
R-03;restatement;nee (jaar 2018);;S007 + S091;T47 p.160 / T65 p.168;2018;1.409.907 over 10 NACE-rijen;S005;RETIRED;idem, ZONDER afvalstatuut;"nee - zelfde korrel; de bron noemt de tabel zelf een sterke onderrapportage";afwezig (behalve de zuivelcel);"jaar 2018; zelfde korrelprobleem als R-02";een niet-afvalstroom komt enkel in het materialenregister met een grondstofverklaring, dus elk cijfer is een ondergrens
R-04;niet capteerbaar;nee (jaar 2018);;S007 + S091;T46/T47, kolom water;2018;536.036 (voeding+dranken, T46);S005;RETIRED;de kolom water voor de voedings- en dranksectoren - GEEN zuiver slib;ja, maar niet uitsplitsbaar zoals gedrukt;afwezig;jaar 2018, en hoe dan ook niet capteerbaar: biomassa en slib in een cel;p.155: waterzuiveringsslib, vetafval, DRAF, GIST, HOPBELLEN, MOUTKIEMEN, PULP, afgekeurde dranken. Genoteerd zodat niemand die kolom nog als slib-buiten-scope afdoet
R-05;restatement;nee (jaar 2019);;S007 (MONBIO 3.0);folio 124 / pdf p.126, lopende tekst;2019;130.000 strovlas -> 26.000 gezwingeld + 15.000 klodden + 65.000 lemen + 15.000 lijnzaad;S006;RETIRED;de vlasketen per fractie (Algemeen Belgisch Vlasverbond, 2021);JA - fractiesplitsing van een hele keten, nergens anders in het corpus;afwezig: strovlas / klodden / gezwingeld geven 0 treffers;tonnage haalt de drempel, jaar 2019 niet - de enige rij waar de filter en de inhoudelijke waarde uit elkaar lopen;"geografie: 45 Belgische (43 Vlaamse) zwingelbedrijven. Enkel lijnzaad is onbetwist agri-food; klodden en lemen zijn vezel"
R-06;restatement;nee (19.309 t, jaar 2019);;S007;folio 90 / pdf p.92;2019;19.309;S006;RETIRED;totale aanlanding zeevisserij 2019;nee;afwezig (2020 en 2021 zijn er wel);te klein en te oud;sluit enkel een gat in een reeks
R-07;restatement;nee (8.775 t, jaar 2018);;S007 + S091;folio 90 / p.54;2018;8.775;S005;RETIRED;teruggooi zeevisserij;nee;afwezig;te klein en te oud;aanlandingsplicht maakt dit historisch vanaf 2019
R-08;restatement;nee (4.000 t);;S087 (Marktanalyse 2024);p.64, par. 5.2.2;2020;ca. 4.000;S001;RETIRED;gebruikte frituurvetten en -olien uit de voedingsindustrie;nee - wel het enige GFVO-cijfer dat het corpus zou hebben;afwezig;jaar 2020 haalt de filter, tonnage niet (4 kt << 50 kt);het S087-logboek voorspelde het verlies letterlijk. De enige skip in het hele corpus met een eigenaar op een RECENT jaar
R-09;restatement;nee (jaar 2017);;S002;Tabel 12 en 13, kolommen 2017;2017;niet geteld;S003;GEEN PDF, nooit in de wachtrij;de 2017-kolommen (aanvoer en opgehouden per vissoort);nee;afwezig;jaar 2017;2017 hoort bij niemand zolang S003 geen PDF heeft
R-10;restatement;nee (jaar 2015);;S002;2015-kolommen, 14 tabellen;2015;o.a. landbouw 449.352;S004;LEVEND - PDF in inbox/;de volledige 2015-doorsnede;nee;afwezig, terecht;jaar 2015;"de enige skip waarvan de eigenaar nog bereikbaar is; strandt zodra S004 wordt ingetrokken"
R-11;restatement;n.v.t. - opgelost;checked-ok;S010;Tabel 2, 3, 4, 5;2011-2015;ongeveer 114 cellen;S065 / S066 / S006;S065+S066 GEEXTRAHEERD;per-gewas, per-fractie tabellen;ja, maar de eigenaars leverden hem alsnog;AANWEZIG - bloemkoolloof, spruitstokken, uienschillen, preiloof, witloofwortelen alle vijf gecontroleerd;geen actie nodig;de grootste skip van het register, en hij is goed afgelopen
X-01;ANDERE SKIPKLASSE - geografie, geen restatement;JA (698.000 t, 2023);;S087 (Marktanalyse 2024);p.55, lopende tekst;2023;698.000;n.v.t. - geen andere bron;n.v.t.;dierlijk afval ontvangen door Vlaamse verwerkers (slachtafval, veren, vleesverwerking);de bron geeft 78% cat.3 / 22% cat.1-2, maar als PERCENTAGE, niet als tonnage;afwezig;de ENIGE >=50 kt en >=2020 die aan een skip hangt - maar niet aan deze skipklasse;"geskipt omdat Figuur 24 de herkomst over VL/WA/BR/buitenland spreidt en er geen Vlaams cijfer is. Staat al op F-003: de vleesgap vraagt EEN getal (het Vlaamse aandeel), geen bron. Hier alleen ter volledigheid; F-003 blijft eigenaar"
