gap_anchor;plek;ketenschakel;gat_t;claims;candidate;source_class;what_it_gives;checked;url;caveat;DECISION
G-VI-TOT;(geen commoditytak);Voedingsindustrie;1293823;C-090, C-091, C-092;OVAM MATIS kruistabel NACE x EURAL (Vlaanderen);datarequest;"de onderliggende cel: aangegeven afval per NACE-4 x EURAL-6. Dat IS de productgroep-uitsplitsing die deze rij vraagt. De gepubliceerde xlsx geeft alleen marginalen (sectortotaal over alle stromen; stroomtotaal over alle sectoren), NOOIT de kruising";inspected;https://ovam.vlaanderen.be/bedrijfsafvalstoffen;de aanvraag moet de KRUISING vragen, niet de publicatie. MATIS staat al als S026 HOLD - GATED. Sluit in een keer ook G-VI-DRANK, G-VI-BAK, G-VI-OLIE en G-RETAIL;
G-VI-TOT;(geen commoditytak);Voedingsindustrie;1293823;C-090, C-091, C-092;OVAM Data bedrijfsafval en secundaire grondstoffen 2012-2022 (xlsx);direct;"8 tabbladen, Vlaanderen, productiejaren 2012-2022. 'Afval per sector' (52 OVAM-sectoren) en 'Afval per stroom' (56 stromen) als APARTE marginalen. e-p-voeding 929.607 t (2022) / 1.110.360 (2020); e-p-vlees 169.900 (2022) / 817.448 (2020); e-p-superma 95.142; e-p-grooth 657.273; e-p-landbouw 452.272. Stroom plant&dier 1.193.785 t primair (2022). Twee mappingtabbladen: NACE-4 -> sector (944 rijen), EURAL-6 -> stroom (993 rijen)";inspected;https://ovam.vlaanderen.be/documents/177281/310282/Data+bedrijfsafval+en+secundaire+grondstoffen+2012-2022.xlsx/68039fde-9502-f3cd-a3fd-1c8137026685?version=1.0&t=1727432909521&download=true;DERDE SCHOOL: dit is aangegeven afval (EURAL), niet voedselverlies en niet productieresidu. Een sectortotaal bevat ook verpakking, slib en afvalwater, dus het is GEEN claim over een biomassastroom. Reeksbreuk: vanaf productiejaar 2022 MATIS i.p.v. IMJV-steekproef - e-p-vlees valt van 817.448 naar 169.900;
G-VI-TOT;(geen commoditytak);Voedingsindustrie;1293823;C-090, C-091, C-092;Eurostat env_wasfw (S041);direct;food waste per NACE-activiteit, verplicht gerapporteerd onder Del. Dec. 2019/1597;named;https://ec.europa.eu/eurostat/databrowser/view/env_wasfw;"Belgie-niveau en NACE-divisie (C10 en C11 samen); heeft dus zelf nog een allocatiesleutel naar Vlaanderen nodig";
G-VI-DRANK;Varia > Dranken;Voedingsindustrie;378539;(geen);OVAM MATIS kruistabel: NACE 1101-1107 x EURAL 02 07;datarequest;"EURAL 02 07 IS de drankensector (020701 afval van wassen en mechanische bewerking, 020702 afval van de destillatie van alcoholische dranken, 020704 voor consumptie of verwerking ongeschikt materiaal); NACE 11010-11060 zitten in e-p-voeding. De EURAL-boom snijdt hier zelf PER PROCES - precies wat de screeningsregel van F-003 eist";inspected;https://ovam.vlaanderen.be/bedrijfsafvalstoffen;"zelfde aanvraag als G-VI-TOT; dit is de meest gerichte reden om ze te doen";
G-VI-DRANK;Varia > Dranken;Voedingsindustrie;378539;(geen);Belgische Brouwers jaarverslag;denominator;gebrouwen volume in hl: ~21 mln hl Belgie (2024), binnenlands verbruik 6,19 mln hl (2025), 386 brouwerijen. Jaarreeks;listed;https://belgianbrewers.be/kenniscentrum-publiek/jaarverslag2025/;"geen tonnage bostel; heeft een drafopbrengst per hl nodig (conversiebron). Belgie, niet Vlaanderen. Bostel zelf staat AL in het corpus (134.653 t MONBIO 4.0) maar in de andere school";
G-VI-VLEES;Dierlijk - vee > Vlees;Voedingsindustrie;149734;C-277, C-308;het Vlaamse herkomstaandeel van S087's 698.000 t;datarequest;"NIET een nieuwe bron maar EEN GETAL. S087 p.55 print 698.000 t dierlijk afval ontvangen door Vlaamse verwerkers (2023); de registersessie liet het vallen omdat Figuur 24 de herkomst over VL/WA/BR/buitenland spreidt zonder leesbare cijfers (ongelabelde 3D-cirkel). Met dat ene percentage wordt de claim recupereerbaar; log.md schrijft de terugdraai al voor";inspected;register/log.md#s087;"afgeleid volume (698.000 x aandeel), dus de aparte klasse; de registerregel 'geen tonnages uit percentages' geldt voor claims. Routes voor het aandeel: Rendac/Darling Ingredients BE, FEBEV, OVAM-pagina dierlijke bijproducten";
G-VI-VLEES;Dierlijk - vee > Vlees;Voedingsindustrie;149734;C-277, C-308;Statbel BeStat - Slachtingen van dieren per diersoort;denominator;"aantal slachtingen EN geslacht gewicht per diersoort, maandreeks. 2022: 25,83 mln dieren/maand; varkens 60% van het gewicht (877.000/maand); kippen 24,8 mln/maand";listed;https://bestat.statbel.fgov.be/bestat/crosstable.xhtml?view=6b32b324-c872-47e7-a543-aefd84386db8;"Belgie; de gewestuitsplitsing moet in BeStat zelf nagekeken worden. Levert 'per diersoort' - exact de carve die deze rij vraagt - maar heeft een bijproductfractie per diersoort nodig";
G-VI-VLEES;Dierlijk - vee > Vlees;Voedingsindustrie;149734;C-277, C-308;B2BE Facilitator dossier slachtbijproducten (S029);restatement;herhaalt exact 698.000 t Vlaanderen 2023 plus 78% categorie 3 / 22% categorie 1-2, en citeert OVAM Biomassa Inventaris en MONBIO 3.0 als bron. GEEN uitsplitsing per diersoort of per materiaal;inspected;https://www.b2be-facilitator.be/nl/nieuws/dossier-slachtbijproducten-als-basis-van-heel-wat-biogebaseerde-processen;NIET als nieuwe bron behandelen - een bron herbezit geen cijfers die ze doorgeeft (registerregel, log.md 2026-08-16). Waarde: het bevestigt dat 698.000 t het enige circulerende cijfer is;
G-VI-VLEES;Dierlijk - vee > Vlees;Voedingsindustrie;149734;C-277, C-308;S001 Marktanalyse Biomassareststromen 2022 (_RETIRED);direct;het eigen verdictveld noemt de dierlijke-bijproductensector op ~860 kt verwerkt (2021) -> 476 kt afgeleide producten;named;register/BIOLOOP_streams_and_sources.xlsx#Sources;"GEBLOKKEERD: _RETIRED-bronnen mogen niet als kandidaat voorgesteld worden (reviewer, 2026-09-04). Alleen jij kan dit un-retiren; log.md noemt het als de tweede route naast het herkomstaandeel";
G-VI-BAK;Varia > Bakkerij;Voedingsindustrie;122276;(geen);OVAM MATIS kruistabel: NACE 1071-1072 x EURAL 02 06;datarequest;"EURAL 02 06 is bakkerij en zoetwaren (020601 voor consumptie of verwerking ongeschikt materiaal); NACE 10711, 10712 en 10720 zitten in e-p-voeding";inspected;https://ovam.vlaanderen.be/bedrijfsafvalstoffen;zelfde aanvraag als G-VI-TOT;
G-VI-BAK;Varia > Bakkerij;Voedingsindustrie;122276;(geen);Bread2B (HOGent + UGent) - broodverliezen;direct;"driejarig project specifiek over broodverlies en de valorisatie ervan; het gevonden rapport is het juridische deel ervan";named;https://www.hogent.be/sites/hogent/assets/File/Rapport%20overzicht%20wettelijke%20spelregels%20Bread2B%20update%20200423.pdf;OPHAALPROBLEEM, geen zoekprobleem: de tekstlaag kwam er niet uit (30 p., 855 kB, wel gedownload). Dit juridische deelrapport bevat vermoedelijk geen tonnages - het volumedeel van Bread2B moet apart gevonden worden;
G-VI-BAK;Varia > Bakkerij;Voedingsindustrie;122276;(geen);FGBB - Federatie van Grote Bakkerijen van Belgie;direct;sectorfederatie van de industriele bakkerijen;absent;https://www.fgbb.be/nl;GEEN publieke cijfers: de site draagt geen statistiek, geen jaarverslag met tonnages en geen retourcijfer. Alleen bruikbaar via een rechtstreekse vraag;
G-VI-OLIE;Varia > Olien, vetten;Voedingsindustrie;95895;(geen);OVAM MATIS kruistabel: NACE 1041-1042 x EURAL 02 03 03 / 04 02 10;datarequest;"NACE 10410 (vervaardiging van olien en vetten) en 10420 (margarine) zitten in e-p-voeding; EURAL 020303 afval van oplosmiddelenextractie en 040210 organisch afval van natuurlijke producten vallen onder stroom plant&dier";inspected;https://ovam.vlaanderen.be/bedrijfsafvalstoffen;zelfde aanvraag als G-VI-TOT;
G-VI-OLIE;Varia > Olien, vetten;Voedingsindustrie;95895;(geen);Valorfrit - ingezamelde frituurvetten en -olien;direct;"beheersorganisme met inzamelplicht, dus een jaarlijkse tonnage voor Belgie (22.000 t in 2007 gevonden; recente cijfers niet gecontroleerd)";named;https://valorfrit.be/over-valorfrit/wat-doet-valorfrit/;SCOPEWAARSCHUWING: gebruikte frituurvetten komen overwegend uit horeca en huishoudens - buiten de charterscope. Alleen het professionele deel uit de voedingsindustrie is in scope, en dat splitst Valorfrit vermoedelijk niet;
G-VI-OLIEZAAD;Plantaardig - akkerbouw > Oliehoudende gewassen;Voedingsindustrie;68000;C-524;FEDIOL annual statistics;denominator;"verwerkt oliezaad per land en per zaadsoort; de EU-leden verwerkten 41,2 mln t (2022)";listed;https://www.fediol.eu/web/annual%20statistics/1011306087/list1187970163/f1.html;"Belgie-niveau en per zaad, niet Vlaanderen; de crush zit grotendeels in de havens (Gent, Antwerpen) dus de Vlaamse fractie is hoog maar moet onderbouwd worden";
G-VI-OLIEZAAD;Plantaardig - akkerbouw > Oliehoudende gewassen;Voedingsindustrie;68000;C-524;FEDIOL - schroot/olie-opbrengstverhouding;conversion;"koolzaad en zonneblom 60% schroot / 40% olie; soja 80% schroot / 20% olie";inspected;https://www.fediol.eu/;conversiefactor, geen meting. Landt rechtstreeks op raapzaad-schroot, soja-schroot en lijnzaad-schroot, die al als BioMobi-stream bestaan;
G-PP-TOT;(geen commoditytak);Primaire productie;256888;C-050, C-073, C-077;Landbouwcijfers Vlaanderen (S015);denominator;"oppervlakte en productie per gewas, Vlaams Gewest, jaarreeks; de teeltnoemer waartegen een oogstrestcoefficient loopt";named;https://landbouwcijfers.vlaanderen.be/;"levert geen enkele reststroomtonnage; alleen bruikbaar met een residucoefficient per gewas (zie AgroCycle S046)";
G-PP-TOT;(geen commoditytak);Primaire productie;256888;C-050, C-073, C-077;Statbel Kerncijfers landbouw;allocation;landbouwtelling per gewest en per gewas: oppervlakte, dieraantallen, economie. De gewestverhouding waarmee een Belgisch cijfer naar Vlaanderen gebracht wordt;listed;https://doc.statbel.fgov.be/publications/S510.01/S510.01N_Kerncijfers_landbouw_2022.pdf;allocatiesleutel, geen meting. Geldig voor PRIMAIRE PRODUCTIE, waar de teelt zelf gewestelijk is. NIET voor de voedingsindustrie, waar een fabriek uit meerdere gewesten aanvoert - precies waarop S087's 698 kt sneuvelde;
G-PP-TOT;(geen commoditytak);Primaire productie;256888;C-050, C-073, C-077;AgroCycle AWCB-databank (S046);conversion;"residu-per-gewas coefficienten; staat al in de Sources-sheet als conversiefactorbron";named;register/BIOLOOP_streams_and_sources.xlsx#Sources;conversiefactor. state.md noemt AgroCycle al als de route om volumes OPWAARTS aan een fijne stream te hangen;
G-PP-GROENTEN;Plantaardig - tuinbouw > Groenten (+ Groenten openlucht);Primaire productie;227929;C-241;VBT jaarverslag (S021);direct;"aanvoer en omzet per product van 9 tuinbouwcooperaties (BelOrta, Belgische Fruitveiling, Hoogstraten, EFC, ...), 8 daarvan Vlaams; omzet 1,078 mld EUR in 2020. Jaarverslagen 2007-2011 staan open online";listed;https://www.vbt.eu/;de doordraai- of niet-verkocht-tonnage moet in het jaarverslag zelf gecontroleerd worden - wat online vindbaar is, is omzet, geen afzetverlies. Dit is OOK de bron om G-02 mee te fact-checken;
G-PP-GROENTEN;Plantaardig - tuinbouw > Groenten (+ Groenten openlucht);Primaire productie;227929;C-241;Landbouwcijfers Vlaanderen x ILVO 239 verliesfracties;conversion;"ILVO 239 is al geextraheerd (111 claims) en geeft verliesfracties per tuinbouwgewas; toegepast op de Landbouwcijfers-oppervlakte per gewas dekt dat de niet-benoemde takken";named;register/streams_export.csv;afgeleid, en het HERREKENT een bron die het corpus al bezit - dus expliciet nooit als nieuwe claim. Voordeel: nul ophaalkost;
G-RETAIL;(geen commoditytak);Retail & grootdistributie;132082;C-105, C-103, C-104, C-108, C-110, C-106;OVAM MATIS kruistabel: NACE 4711x/472x x EURAL 02 03 04 + 20 01 08;datarequest;e-p-superma bundelt NACE 47113, 47114, 47115 en 47192 (95.142 t totaal afval 2022) en e-p-klein 88 NACE-codes (181.296 t). De kruising met EURAL 200108 (biologisch afbreekbaar keuken- en kantineafval) en 020304 geeft het organische deel;inspected;https://ovam.vlaanderen.be/bedrijfsafvalstoffen;zelfde aanvraag als G-VI-TOT. Het gepubliceerde sectortotaal is een BOVENGRENS over alle afvalstromen, geen meting van deze rij;
G-RETAIL;(geen commoditytak);Retail & grootdistributie;132082;C-105, C-103, C-104, C-108, C-110, C-106;Comeos - voedselreststromen retail (S067);direct;"retailtonnages 2015-2018; S010 citeert er 64.271 t uit en geen enkele registerbron bezit dat cijfer";named;register/BIOLOOP_streams_and_sources.xlsx#Sources;staat al als S067 KEEP - VOLUME, priority 3, zonder PDF. Onveranderd sinds F-003 geraised werd - deze sessie voegt er niets aan toe;
S1;Aardappel-, groente- en fruitverwerking;Voedingsindustrie;621063;C-094 (2023), C-195 (2020);Belgapom - verwerkt aardappelvolume;denominator;jaarlijks verwerkt volume aardappelen, Belgie: 6,2 mln t (2022, +18% t.o.v. recordjaar 2019), 5 mln t (2018), reeks terug tot ~500.000 t in 1990. 82% van het verwerkte product wordt geexporteerd;inspected;https://belgapom.be/nl/blog/;GEEN reststroomcijfer, in geen enkele post: schil, stoomschil, pulp en vezel komen niet voor. Zuiver een noemer. Belgie, maar de verwerking is overwegend West-Vlaams;
S1;Aardappel-, groente- en fruitverwerking;Voedingsindustrie;621063;C-094 (2023), C-195 (2020);FOWCUS (S037);conversion;"product- en bijproductmassafracties per commodity; de compositiesessie van 2026-09-09 stelde al vast dat dit GEEN compositiebron is maar wel een conversiefactorbron voor de volumekant";named;register/BIOLOOP_streams_and_sources.xlsx#Sources;conversiefactor. Belgapom x FOWCUS is de kortste route naar een afgeleid aardappelschilvolume, en de enige die vandaag zonder data-aanvraag werkt;
S1;Aardappel-, groente- en fruitverwerking;Voedingsindustrie;621063;C-094 (2023), C-195 (2020);VEGEBE (S020);direct;"12 diepvriesgroentebedrijven in Vlaanderen, samen meer dan een kwart van de Europese diepvriesgroenteproductie; sinds 2008 ook de versnijdingsbedrijven";named;https://vegebe.be/nl/voorstelling/historiek/;GATED: geen publieke tonnages gevonden, alleen een ledenprofiel. Staat al als S020 HOLD - GATED. En let op: FRUITVERWERKING heeft nul rijen in het hele register en VEGEBE dekt dat niet;
S1;Aardappel-, groente- en fruitverwerking;Voedingsindustrie;621063;C-094 (2023), C-195 (2020);ILVO TransBio / Biogas 2.0 WP3 (S058);direct;"stroomvolumes achter het biomethaanpotentieel; F-003 noemt dit de hoogst-waardige te bemachtigen bron, voor aardappelverwerking, dranken EN het Vlaamse crushaandeel samen";named;register/BIOLOOP_streams_and_sources.xlsx#Sources;onveranderd sinds F-003: genoemd, geen PDF, geen publieke vindplaats gevonden deze sessie. Blijft de enige kandidaat die drie gaten in een keer raakt;
S2;Plantaardig - akkerbouw > Voedergewassen;Primaire productie;101780;C-242 (MONBIO 4.0), C-423 (MONBIO 3.0);Landbouwcijfers Vlaanderen x residucoefficient;conversion;oppervlakte en productie voedermais, gras/hooi en voederbiet per jaar, Vlaams Gewest;named;https://landbouwcijfers.vlaanderen.be/;de gaplijst waarschuwt zelf: deze gewassen worden als HELE PLANT geoogst, dus er is fysiek weinig residu en de coefficient ligt bijna op nul. Verwacht een klein getal, niet 101.780 t;
G-02-FACTCHECK;PO's / veilingen;Auctie / producentenorganisatie;15189;(F-003 fact-check);OVAM e-p-grooth (groothandel incl. groente- en fruitveilingen);direct;"657.273 t totaal bedrijfsafval 2022; 303.200 t (2020); 500.235 t (2018) - over 99 NACE-codes en alle afvalstromen samen";inspected;https://ovam.vlaanderen.be/documents/177281/310282/Data+bedrijfsafval+en+secundaire+grondstoffen+2012-2022.xlsx/68039fde-9502-f3cd-a3fd-1c8137026685?version=1.0&t=1727432909521&download=true;BOVENGRENS, geen meting: 99 NACE-codes waarvan de veilingen er een handvol zijn, en alle stromen inclusief verpakking. Maar het maakt 15.189 t wel erg klein - genoeg om de fact-check te rechtvaardigen, niet om hem te beslechten. VBT blijft de beslissende bron;
