source_id;source_short;split_type;has_data;location;page;granularity;years;notes
S080;OVAM Monitor voedselverlies 2023;bestemming;yes;Tabel 2;13;per ketenschakel;2023;Bestemming levensmiddelenafval volgens EU-definitie (compostering/vergisting, verbranding via restafval), in ton. Het Totaal is wel als claim opgenomen.
S080;OVAM Monitor voedselverlies 2023;bestemming;yes;Tabel 5;17;per sector (primaire sector / voedingsindustrie / retail+horeca+catering+consumenten);2015-2020-2023;Volledige bestemmingsmatrix in ton (dierenvoeder, biogebaseerde materialen, bodem, vergisting & compostering, gfvo & biodiesel, dierlijke afvalverwerking, verbranding, overige). Rijkste bestemmingstabel van de bron.
S080;OVAM Monitor voedselverlies 2023;inzamelwijze;yes;Tabel 7;19;per schakel primaire sector, per quantity_type;2023;Ingezameld vs andere, voor voedselverliezen en nevenstromen (visveilingen, landbouw, PO's). De rij-totalen worden niet gedrukt. De rij 'Totaal primaire sector' is wel als claim opgenomen (C-111 t.e.m. C-114): die quantity_type-cijfers staan nergens anders in de bron.
S080;OVAM Monitor voedselverlies 2023;inzamelwijze;yes;Tabel 8;20;per schakel vanaf voedingsindustrie;2023;Selectief ingezameld vs in restafval, voor voedselverliezen en nevenstromen. Bevat ook horeca/catering/huishoudens (buiten scope).
S080;OVAM Monitor voedselverlies 2023;bestemming;yes;Tabel 13;31;per subsector landbouw;2015-2020-2023;Alleen percentages t.o.v. sectortotaal, geen tonnages.
S080;OVAM Monitor voedselverlies 2023;bestemming;yes;Tabel 17;39;PO's totaal;2015-2020-2023;Percentages per bestemming plus een Totaal-kolom in ton (die als claim is opgenomen).
S080;OVAM Monitor voedselverlies 2023;bestemming;yes;Tabel 20;42;PO's, humaan vs niet-humaan;2015-2020-2023;Evolutie bestemmingen niet verkocht product, in ton (gratis verdeling/schenking vs andere bestemmingen).
S080;OVAM Monitor voedselverlies 2023;inzamelwijze;yes;Tabel 22;45;voedingsindustrie, per quantity_type;2023;Selectief ingezameld vs in restafval, in ton. De Totaal-kolom is als claim opgenomen.
S080;OVAM Monitor voedselverlies 2023;bestemming;yes;Tabel 23;47;per subsector voedingsindustrie;2023;Bestemmingsmatrix in ton (diervoeder, biochemie, bodem, vergisting, biobrandstof, verbranding). De Totaal-kolom is als claim opgenomen.
S080;OVAM Monitor voedselverlies 2023;bestemming;yes;Tabel 25;48;voedingsindustrie, alleen voedselverliezen;2023;Bestemmingen van de eetbare fractie, in ton.
S080;OVAM Monitor voedselverlies 2023;inzamelwijze;yes;Tabel 28;55;per segment retail;2023;In restafval vs selectief ingezameld, ton en %. De Totaal-kolom is als claim opgenomen.
S080;OVAM Monitor voedselverlies 2023;bestemming;yes;Tabel 29;56;per segment retail;2023;Bestemmingen voedselreststromen in ton en %.
S080;OVAM Monitor voedselverlies 2023;bestemming;yes;Tabel 30;56;per segment retail, alleen voedselverliezen;2023;Bestemmingen voedselverliezen in ton en %. De Totaal-kolom is als claim opgenomen.
S080;OVAM Monitor voedselverlies 2023;inzamelwijze;yes;Tabel 32;57;retail, per quantity_type;2023;Selectief vs niet-selectief ingezameld, in ton. De Totaal-rij is als claim opgenomen.
S080;OVAM Monitor voedselverlies 2023;bestemming;yes;Tabel 34;61-62;retail totaal;2015-2020-2023;Overzichtstabel met top-3 bestemmingen (%) en de selectief ingezamelde hoeveelheid in ton.
S080;OVAM Monitor voedselverlies 2023;bestemming;yes;Figuur 4, 5, 7, 8, 9;22, 35, 41, 49, 58;keten / landbouw / PO's / voedingsindustrie / retail;2023;Cascade-infographics: bestemmingsaandelen in % per trede van de cascade van waardebehoud. Bevatten geen tonnages die niet elders staan.
S080;OVAM Monitor voedselverlies 2023;bestemming;yes;Figuur 3;21;totale agrovoedingsketen;2020;Zelfde cascade-infographic als Figuur 4 maar voor 2020. Buiten scope op drie gronden tegelijk: volledige keten, referentiejaar 2020, en bestemmingsdata.
S080;OVAM Monitor voedselverlies 2023;bestemming;yes;Tabel 37, 40, 41, 44, 47;66-77;horeca, catering, huishoudens;2023;BUITEN SCOPE - bestemmings- en inzamelgegevens voor de uitgesloten ketenschakels. Alleen genoteerd zodat duidelijk is dat ze bestaan en bewust niet gebruikt zijn.
