code;canonical_name;commodity_l2;commodity_l3;register_l4;fractie;l4_rank;l4_t_per_jaar;grootste_claim_t;grootste_claim;geografie;n_claims;claim_ids;omschrijving;DECISION
aardappel;Aardappel;Plantaardig - akkerbouw;Aardappelen en knolgewassen;Aardappel;;3;855393;429871;C-057 / OVAM Monitor voedselverlies 2023;Vlaanderen;8;C-057 C-005 C-042 C-068 C-167 C-179 C-314 C-501;De aardappel zelf: niet-geoogste en afgekeurde knollen, en de reststroom van de aardappelverwerking die de bron enkel als Prodcom 103113 benoemt (meel, gries, vlokken, korrels en pellets van gedroogde aardappelen). Geen bron in het corpus benoemt een fijner aardappelobject zoals schillen - zie gap G-10.;include
aardappel-loof;Aardappelloof;Plantaardig - akkerbouw;Aardappelen en knolgewassen;Aardappel;loof;3;855393;800480;C-428 / MONBIO 3.0;Vlaanderen;2;C-428 C-247;Aardappelloof, voor de oogst gedood en ondergewerkt (productieresidu).;include
suikerbiet;Suikerbiet;Plantaardig - akkerbouw;Suikerbieten en nijverheidsgewassen;Suikerbiet;;4;812224;40195;C-178 / OVAM Monitor voedselverlies 2020;Vlaanderen;5;C-178 C-041 C-067 C-166 C-056;De biet zelf: afgekeurde en niet-geoogste suikerbieten.;include
suikerbiet-loof;Suikerbietenloof;Plantaardig - akkerbouw;Suikerbieten en nijverheidsgewassen;Suikerbiet;loof;4;812224;463884;C-429 / MONBIO 3.0;Vlaanderen;2;C-429 C-248;Bietenloof dat op het veld achterblijft en wordt ingewerkt (productieresidu).;include
suikerbiet-pulp;Bietenpulp;Plantaardig - akkerbouw;Suikerbieten en nijverheidsgewassen;Suikerbiet;pulp;4;812224;350000;C-382 / MONBIO 4.0;Vlaanderen;2;C-382 C-575;Uitgeloogde bietenpulp uit de suikerfabriek (nevenstroom).;include
mais-stro;Maisstro;Plantaardig - akkerbouw;Granen;Mais;stro;1;1456062;1456062;C-427 / MONBIO 3.0;Vlaanderen;2;C-427 C-246;Maisstro dat na de oogst op het veld achterblijft en wordt ingewerkt (productieresidu).;include
tarwe-stro;Tarwestro;Plantaardig - akkerbouw;Granen;Tarwe;stro;7;255836;255836;C-249 / MONBIO 4.0;Vlaanderen;2;C-249 C-430;Tarwestro dat van het veld wordt gehaald, ingezet als strooisel of structuurmateriaal.;include
zemelen;Zemelen;Plantaardig - akkerbouw;Granen;Zemelen;;6;278865;278865;C-549 / MONBIO 3.0;Vlaanderen;2;C-549 C-358;Zemelen, slijpsel en andere resten van het bewerken van granen (Prodcom 106140).;include
zetmeel-reststroom;Zetmeelreststroom;Varia;Zetmeel en zetmeelproducten;Zetmeel;;5;284549;284549;C-550 / MONBIO 3.0;Vlaanderen;1;C-550;Afvallen van zetmeelfabrieken en dergelijke (Prodcom 106220). LET OP: dit object is benoemd naar de fabriek die het verlaat, niet naar wat het is - de bron zegt niet meer dan dit.;include
raapzaad-stro;Kool- en raapzaadstro;Plantaardig - akkerbouw;Oliehoudende gewassen;Kool- en raapzaad;stro;2;857931;7818;C-256 / MONBIO 4.0;Vlaanderen;2;C-256 C-431;Kool- en raapzaadstro dat van het veld wordt gehaald (nevenstroom).;include
raapzaad-schroot;Kool- en raapzaadschroot;Plantaardig - akkerbouw;Oliehoudende gewassen;Kool- en raapzaad;schroot;2;857931;852000;C-520 / MONBIO 3.0;Belgie;2;C-520 C-331;Meel/schroot uit de persing van kool- en raapzaad (FEDIOL-crush). Belgisch cijfer, geen Vlaams.;include
lijnzaad-schroot;Lijnzaadschroot;Plantaardig - akkerbouw;Oliehoudende gewassen;Lijnzaad;schroot;8;245000;245000;C-333 / MONBIO 4.0;Belgie;2;C-333 C-522;Meel/schroot uit de persing van lijnzaad (FEDIOL-crush). Belgisch cijfer, geen Vlaams.;include
soja-schroot;Sojaschroot;Plantaardig - akkerbouw;Oliehoudende gewassen;Soja;schroot;10;170000;170000;C-519 / MONBIO 3.0;Belgie;2;C-519 C-330;Meel/schroot uit de persing van soja (FEDIOL-crush). Belgisch cijfer, geen Vlaams.;include
bloemkool;Bloemkool;Plantaardig - tuinbouw;Groenten openlucht;Bloemkool;;9;201311;16388;C-610 / ILVO 239 tuinbouw;Belgie | Vlaanderen;5;C-610 C-611 C-612 C-778 C-769;"De kool zelf: afgekeurde bloemkool. Het corpus meet dit object op drie ketenschakels (veld, veiling/doordraai, verwerkende industrie); die schakel hoort bij de waarneming, niet bij het object.";include
bloemkool-loof;Bloemkoolloof;Plantaardig - tuinbouw;Groenten openlucht;Bloemkool;loof;9;201311;197100;C-706 / GeNeSys ILVO 165;Vlaanderen;3;C-706 C-250 C-432;"Blad- en stengelmassa van bloemkool, oogstrest op het veld. Twee bronnen benoemen hetzelfde materiaal anders (GeNeSys: blad- en stengelmassa; MONBIO: bloemkoolloof).";include
bloemkool-harten;Bloemkoolharten;Plantaardig - tuinbouw;Groenten openlucht;Bloemkool;harten;9;201311;18395;C-255 / MONBIO 4.0;Vlaanderen;2;C-255 C-437;Eetbare nevenstroom van machinaal geoogste bloemkool.;include
spruiten;Spruiten;Plantaardig - tuinbouw;Groenten openlucht;Spruiten;;13;138000;5452;C-618 / ILVO 239 tuinbouw;Vlaanderen;3;C-618 C-619 C-620;De spruit zelf: afgekeurde spruiten in het afzetkanaal industrie.;include
spruitstokken;Spruitstokken;Plantaardig - tuinbouw;Groenten openlucht;Spruiten;stengelmassa;13;138000;138000;C-735 / GeNeSys ILVO 165;Vlaanderen;3;C-735 C-251 C-434;"Spruitstokken / stengelmassa, oogstrest op het veld. Twee bronnen benoemen hetzelfde materiaal anders (GeNeSys: stengelmassa; MONBIO: spruitstokken).";include
slachtafval-niet-eetbaar;Niet-eetbare ruwe slachtafvallen;Dierlijk - vee;Vlees;Niet-eetbare slachtafvallen;;11;169051;169051;C-298 / MONBIO 4.0;Vlaanderen;2;C-298 C-483;Niet-eetbare ruwe slachtafvallen (Prodcom 101160), NACE 10.11. De bron bundelt meerdere diersoorten - zie gap G-04.;include
dierlijk-vet;Dierlijk vet;Dierlijk - vee;Vlees;Dierlijk vet;;12;145498;145498;C-297 / MONBIO 4.0;Vlaanderen;2;C-297 C-482;Rund-, schapen-, geiten- of varkensvet (Prodcom 101150), NACE 10.11.;include
