fwe_component;fwe_unit;rows;action;parameter_code;unit_code;basis_code;method_code;reason;DECISION
Acid Detergent Fibre (ADF);%;1;take;adf;%;unknown;;the source does not state the basis;
Acid Detergent Fibre (ADF);% DM;1;take;adf;%;dry;;;
Acid Detergent Fibre (ADF);% d.b.;37;take;adf;%;dry;;;
Acid Detergent Fibre (ADF);g/kg DM;4;take;adf;g/kg;dry;;;
Acid Detergent Fibre Crude Protein (ADFCP);% DM;6;skip;;;;;ADF-bound crude protein, a damage indicator rather than a composition fraction;
Aerobic count, total;cfu/g;1;skip;;;;;microbiological - out of scope since 2026-09-10;
Aflatoxin M1;µg/kg;1;skip;;;;;mycotoxin - no parameter yet, and it belongs with contaminants;
Alanine;% D AA;1;skip;;;;;AMINO ACIDS - real composition and INFOODS carries the family, but the source expresses them as 'g/16g N' and '% protein', which are EXPRESSIONS relative to protein rather than units. BioMobi has no expression axis yet, so entering them would bury that in prose. Deferred as a named decision, not dropped;
Alanine;% protein;12;skip;;;;;AMINO ACIDS - real composition and INFOODS carries the family, but the source expresses them as 'g/16g N' and '% protein', which are EXPRESSIONS relative to protein rather than units. BioMobi has no expression axis yet, so entering them would bury that in prose. Deferred as a named decision, not dropped;
Alanine;g/16g N;3;skip;;;;;AMINO ACIDS - real composition and INFOODS carries the family, but the source expresses them as 'g/16g N' and '% protein', which are EXPRESSIONS relative to protein rather than units. BioMobi has no expression axis yet, so entering them would bury that in prose. Deferred as a named decision, not dropped;
Alanine;mg/g dry matter;1;skip;;;;;AMINO ACIDS - real composition and INFOODS carries the family, but the source expresses them as 'g/16g N' and '% protein', which are EXPRESSIONS relative to protein rather than units. BioMobi has no expression axis yet, so entering them would bury that in prose. Deferred as a named decision, not dropped;
Albumin;% protein;2;skip;;;;;protein fractions, same expression problem as the amino acids;
Aluminium;ppm d.b.;1;skip;;;;;no catalogue parameter yet for this element;
Aluminium;ppm veg/fruit waste;1;skip;;;;;no catalogue parameter yet for this element;
Amino acids, total;mg/g dry matter;1;skip;;;;;AMINO ACIDS - real composition and INFOODS carries the family, but the source expresses them as 'g/16g N' and '% protein', which are EXPRESSIONS relative to protein rather than units. BioMobi has no expression axis yet, so entering them would bury that in prose. Deferred as a named decision, not dropped;
Antimony;ppm d.b.;1;skip;;;;;a single ICP scan of one sample. Nine parameters for nine values would make the catalogue's shape reflect one instrument run;
Arabinan;wt%, dry basis;1;skip;;;;;individual non-starch polysaccharide sugars, reported only as NCP fractions by one study;
Arabinose;I-NCP (g/kg dm);1;skip;;;;;individual non-starch polysaccharide sugars, reported only as NCP fractions by one study;
Arabinose;NCP (g/kg DM);3;skip;;;;;individual non-starch polysaccharide sugars, reported only as NCP fractions by one study;
Arabinose;S-NCP (g/kg DM);1;skip;;;;;individual non-starch polysaccharide sugars, reported only as NCP fractions by one study;
Arabinoxylan;%;1;skip;;;;;individual non-starch polysaccharide sugars, reported only as NCP fractions by one study;
Arginine;% protein;13;skip;;;;;AMINO ACIDS - real composition and INFOODS carries the family, but the source expresses them as 'g/16g N' and '% protein', which are EXPRESSIONS relative to protein rather than units. BioMobi has no expression axis yet, so entering them would bury that in prose. Deferred as a named decision, not dropped;
Arginine;g/160g nitrogen;1;skip;;;;;AMINO ACIDS - real composition and INFOODS carries the family, but the source expresses them as 'g/16g N' and '% protein', which are EXPRESSIONS relative to protein rather than units. BioMobi has no expression axis yet, so entering them would bury that in prose. Deferred as a named decision, not dropped;
Arginine;g/16g N;3;skip;;;;;AMINO ACIDS - real composition and INFOODS carries the family, but the source expresses them as 'g/16g N' and '% protein', which are EXPRESSIONS relative to protein rather than units. BioMobi has no expression axis yet, so entering them would bury that in prose. Deferred as a named decision, not dropped;
Arginine;g/kg dry matter;2;skip;;;;;AMINO ACIDS - real composition and INFOODS carries the family, but the source expresses them as 'g/16g N' and '% protein', which are EXPRESSIONS relative to protein rather than units. BioMobi has no expression axis yet, so entering them would bury that in prose. Deferred as a named decision, not dropped;
Arginine;mg/g dry matter;1;skip;;;;;AMINO ACIDS - real composition and INFOODS carries the family, but the source expresses them as 'g/16g N' and '% protein', which are EXPRESSIONS relative to protein rather than units. BioMobi has no expression axis yet, so entering them would bury that in prose. Deferred as a named decision, not dropped;
Arsenic;mg/kg DM;1;take;arsenic;mg/kg;dry;;;
Arsenic;ppm;1;take;arsenic;mg/kg;unknown;;ppm read as mg/kg;
Arsenic;ppm d.b.;1;take;arsenic;mg/kg;dry;;ppm read as mg/kg;
Arsenic;ppm veg/fruit waste;1;skip;;;;;unit 'ppm veg/fruit waste' has no mapping - the source's expression is not a unit;
Ash;%;2;take;ash;%;unknown;;the source does not state the basis;
Ash;% DM;44;take;ash;%;dry;;;
Ash;g/kg;2;take;ash;g/kg;unknown;;the source does not state the basis;
Ash;g/kg DM;9;take;ash;g/kg;dry;;;
Ash, crude;g/kg DM;1;take;ash;g/kg;dry;;"the source writes 'crude ash'; same determination";
Aspartic acid;% D AA;1;skip;;;;;AMINO ACIDS - real composition and INFOODS carries the family, but the source expresses them as 'g/16g N' and '% protein', which are EXPRESSIONS relative to protein rather than units. BioMobi has no expression axis yet, so entering them would bury that in prose. Deferred as a named decision, not dropped;
Aspartic acid;% protein;12;skip;;;;;AMINO ACIDS - real composition and INFOODS carries the family, but the source expresses them as 'g/16g N' and '% protein', which are EXPRESSIONS relative to protein rather than units. BioMobi has no expression axis yet, so entering them would bury that in prose. Deferred as a named decision, not dropped;
Aspartic acid;g/16g N;3;skip;;;;;AMINO ACIDS - real composition and INFOODS carries the family, but the source expresses them as 'g/16g N' and '% protein', which are EXPRESSIONS relative to protein rather than units. BioMobi has no expression axis yet, so entering them would bury that in prose. Deferred as a named decision, not dropped;
Aspartic acid/Asparagine;mg/g dry matter;1;skip;;;;;AMINO ACIDS - real composition and INFOODS carries the family, but the source expresses them as 'g/16g N' and '% protein', which are EXPRESSIONS relative to protein rather than units. BioMobi has no expression axis yet, so entering them would bury that in prose. Deferred as a named decision, not dropped;
Aspergillus spp;cfu/25g;1;skip;;;;;microbiological - out of scope since 2026-09-10;
Barium;ppm d.b.;1;skip;;;;;a single ICP scan of one sample. Nine parameters for nine values would make the catalogue's shape reflect one instrument run;
Beryllium;ppm .d.b;1;skip;;;;;a single ICP scan of one sample. Nine parameters for nine values would make the catalogue's shape reflect one instrument run;
Biogas;LN/kg volatile solids;14;skip;;;;;BIOGAS AND METHANE YIELD - a measured property of the material, but also the output of a process applied to it. Which side of the charter's data/rules line it falls on is a reviewer decision, so it is located and not taken;
Bismuth;ppm d.b.;1;skip;;;;;a single ICP scan of one sample. Nine parameters for nine values would make the catalogue's shape reflect one instrument run;
Buffering capacity;mEinstein/kg DM;1;skip;;;;;derived or assay-specific, not an intrinsic composition figure;
Cadmium;mg/kg DM;2;take;cadmium;mg/kg;dry;;;
Cadmium;ppm;1;take;cadmium;mg/kg;unknown;;ppm read as mg/kg;
Cadmium;ppm d.b.;1;take;cadmium;mg/kg;dry;;ppm read as mg/kg;
Cadmium;ppm veg/fruit waste;1;skip;;;;;unit 'ppm veg/fruit waste' has no mapping - the source's expression is not a unit;
Caesium;ppm d.b.;1;skip;;;;;a single ICP scan of one sample. Nine parameters for nine values would make the catalogue's shape reflect one instrument run;
Caffeic acid;mg/100g;3;skip;;;;;individual phenolic compounds - the bioactive branch holds only totals so far;
Caffeic acid;mg/g;2;skip;;;;;individual phenolic compounds - the bioactive branch holds only totals so far;
Calcium;%;1;take;calcium;%;unknown;;the source does not state the basis;
Calcium;% d.b.;14;take;calcium;%;dry;;;
Calcium;g/kg;2;take;calcium;g/kg;unknown;;the source does not state the basis;
Calcium;g/kg DM;20;take;calcium;g/kg;dry;;;
Calcium;ppm d.b.;1;take;calcium;mg/kg;dry;;ppm read as mg/kg;
Carbohydrate;% DM;2;skip;;;;;"the source gives several different by-difference carbohydrate definitions; which one maps to `nfe` needs the source's own formula, which it does not print";
Carbohydrate;g/kg DM;4;skip;;;;;"the source gives several different by-difference carbohydrate definitions; which one maps to `nfe` needs the source's own formula, which it does not print";
Carbohydrate, crude (N-free extract + crude fibre);%;1;skip;;;;;"the source gives several different by-difference carbohydrate definitions; which one maps to `nfe` needs the source's own formula, which it does not print";
Carbohydrate, crude (N-free extract + crude fibre);g/kg DM;1;skip;;;;;"the source gives several different by-difference carbohydrate definitions; which one maps to `nfe` needs the source's own formula, which it does not print";
Carbohydrate, non-structural;% DM;6;skip;;;;;"the source gives several different by-difference carbohydrate definitions; which one maps to `nfe` needs the source's own formula, which it does not print";
Carbohydrate, non-structural accounting for NDFCP;% DM;5;skip;;;;;"the source gives several different by-difference carbohydrate definitions; which one maps to `nfe` needs the source's own formula, which it does not print";
Carbohydrate, water soluble;% DM;1;skip;;;;;"the source gives several different by-difference carbohydrate definitions; which one maps to `nfe` needs the source's own formula, which it does not print";
Carbohydrate, water soluble;g/kg DM;2;skip;;;;;"the source gives several different by-difference carbohydrate definitions; which one maps to `nfe` needs the source's own formula, which it does not print";
Carbon;%;1;take;total_carbon;%;unknown;;the source does not state the basis;
Carbon;% DM;1;take;total_carbon;%;dry;;;
Carbon;% d.b.;1;take;total_carbon;%;dry;;;
Carbon content;g/g volatile solids;1;skip;;;;;derived or assay-specific, not an intrinsic composition figure;
Carbon, fixed;% DM;1;take;fixed_carbon;%;dry;;;
Carbon, fixed;% d.b.;1;take;fixed_carbon;%;dry;;;
Carbon/nitrogen ratio;-;1;take;c_n_ratio;ratio;n.a.;;;
Carbon/nitrogen ratio;N/A;2;take;c_n_ratio;ratio;n.a.;;;
Casein, alfa-S1;%;1;skip;;;;;protein fractions, same expression problem as the amino acids;
Casein, beta;%;1;skip;;;;;protein fractions, same expression problem as the amino acids;
Cellulose;% DM;7;take;cellulose;%;dry;;;
Cellulose;g/g volatile solids;1;skip;;;;;unit 'g/g volatile solids' has no mapping - the source's expression is not a unit;
Cellulose;g/kg DM;4;take;cellulose;g/kg;dry;;;
Chemical oxygen demand, insoluble;%;1;skip;;;;;soluble/insoluble COD split has no parameter yet;
Chemical oxygen demand, insoluble;mg/l;1;skip;;;;;soluble/insoluble COD split has no parameter yet;
Chemical oxygen demand, soluble;%;1;skip;;;;;soluble/insoluble COD split has no parameter yet;
Chemical oxygen demand, soluble;mg/l;1;skip;;;;;soluble/insoluble COD split has no parameter yet;
Chemical oxygen demand, total;mg/l;1;take;cod;mg/L;n.a.;;;
Chloride;% d.b.;5;take;chloride;%;dry;;;
Chlorogenic Acid Total;mg/100g;3;skip;;;;;individual phenolic compounds - the bioactive branch holds only totals so far;
Chlorogenic Acid Total;mg/g;2;skip;;;;;individual phenolic compounds - the bioactive branch holds only totals so far;
Chromium;mg/kg DM;2;take;chromium;mg/kg;dry;;;
Chromium;ppm;1;take;chromium;mg/kg;unknown;;ppm read as mg/kg;
Chromium;ppm d.b.;1;take;chromium;mg/kg;dry;;ppm read as mg/kg;
Chromium;ppm veg/fruit waste;1;skip;;;;;unit 'ppm veg/fruit waste' has no mapping - the source's expression is not a unit;
Clostridium perfringens;cfu/25g;1;skip;;;;;microbiological - out of scope since 2026-09-10;
Cobalt;ppm d.b.;1;skip;;;;;no catalogue parameter yet for this element;
Cobalt;ppm veg/fruit waste;2;skip;;;;;no catalogue parameter yet for this element;
Copper;mg/1000g;2;take;copper;mg/kg;unknown;;mg per 1000 g is mg/kg;
Copper;mg/kg;2;take;copper;mg/kg;unknown;;;
Copper;mg/kg DM;10;take;copper;mg/kg;dry;;;
Copper;ppm d.b.;1;take;copper;mg/kg;dry;;ppm read as mg/kg;
Copper;ppm of fruit and veg waste;2;skip;;;;;unit 'ppm of fruit and veg waste' has no mapping - the source's expression is not a unit;
Cysteine;g/kg;2;skip;;;;;AMINO ACIDS - real composition and INFOODS carries the family, but the source expresses them as 'g/16g N' and '% protein', which are EXPRESSIONS relative to protein rather than units. BioMobi has no expression axis yet, so entering them would bury that in prose. Deferred as a named decision, not dropped;
Cysteine;mg/g dry matter;1;skip;;;;;AMINO ACIDS - real composition and INFOODS carries the family, but the source expresses them as 'g/16g N' and '% protein', which are EXPRESSIONS relative to protein rather than units. BioMobi has no expression axis yet, so entering them would bury that in prose. Deferred as a named decision, not dropped;
Cystine;% protein;10;skip;;;;;AMINO ACIDS - real composition and INFOODS carries the family, but the source expresses them as 'g/16g N' and '% protein', which are EXPRESSIONS relative to protein rather than units. BioMobi has no expression axis yet, so entering them would bury that in prose. Deferred as a named decision, not dropped;
Cystine;g/16g N;1;skip;;;;;AMINO ACIDS - real composition and INFOODS carries the family, but the source expresses them as 'g/16g N' and '% protein', which are EXPRESSIONS relative to protein rather than units. BioMobi has no expression axis yet, so entering them would bury that in prose. Deferred as a named decision, not dropped;
DPPH activity;mg/kg;1;skip;;;;;derived or assay-specific, not an intrinsic composition figure;
Degradability, effective;%;1;skip;;;;;derived against an animal or a process, not a stream property;
Degradability, true;%;1;skip;;;;;derived against an animal or a process, not a stream property;
Degradation rate;%/h;1;skip;;;;;derived against an animal or a process, not a stream property;
Dry Matter;%;1;take;dry_matter;%;unknown;;the source does not state the basis;
Dry Matter;% wet weight;26;take;dry_matter;%;fresh;;;
Dry Matter;g/kg;5;take;dry_matter;g/kg;unknown;;the source does not state the basis;
Dry Matter;g/kg FM;18;take;dry_matter;g/kg;fresh;;;
Dry matter digestibility, in vitro;% DM;1;skip;;;;;derived against an animal or a process, not a stream property;
Energy (Total Digestible Nutrients);% DM;5;skip;;;;;a digestibility or an animal-specific energy value is a fact about a material AND an animal - model rule layer, not a facts-only data layer;
Energy (net) for growth;Mcal/cwt. DM;5;skip;;;;;a digestibility or an animal-specific energy value is a fact about a material AND an animal - model rule layer, not a facts-only data layer;
Energy (net) for lactation;Mcal/cwt. DM;5;skip;;;;;a digestibility or an animal-specific energy value is a fact about a material AND an animal - model rule layer, not a facts-only data layer;
Energy (net) for maintenance;Mcal/cwt. DM;3;skip;;;;;a digestibility or an animal-specific energy value is a fact about a material AND an animal - model rule layer, not a facts-only data layer;
Energy digestibility, growing pig;%;10;skip;;;;;a digestibility or an animal-specific energy value is a fact about a material AND an animal - model rule layer, not a facts-only data layer;
Energy digestibility, rabbit;%;4;skip;;;;;a digestibility or an animal-specific energy value is a fact about a material AND an animal - model rule layer, not a facts-only data layer;
Energy digestibility, ruminants;%;8;skip;;;;;a digestibility or an animal-specific energy value is a fact about a material AND an animal - model rule layer, not a facts-only data layer;
Energy digestibility, salmonids;%;2;skip;;;;;a digestibility or an animal-specific energy value is a fact about a material AND an animal - model rule layer, not a facts-only data layer;
Energy, apparent metabolisable, N corrected, broiler;MJ/kg DM;2;skip;;;;;a digestibility or an animal-specific energy value is a fact about a material AND an animal - model rule layer, not a facts-only data layer;
Energy, apparent metabolisable, N corrected, cockerel;MJ/kg DM;4;skip;;;;;a digestibility or an animal-specific energy value is a fact about a material AND an animal - model rule layer, not a facts-only data layer;
Energy, digestible;kcal/kg;1;skip;;;;;a digestibility or an animal-specific energy value is a fact about a material AND an animal - model rule layer, not a facts-only data layer;
Energy, digestible, growing pig;MJ/kg DM;7;skip;;;;;a digestibility or an animal-specific energy value is a fact about a material AND an animal - model rule layer, not a facts-only data layer;
Energy, digestible, rabbit;MJ/kg DM;3;skip;;;;;a digestibility or an animal-specific energy value is a fact about a material AND an animal - model rule layer, not a facts-only data layer;
Energy, digestible, ruminants;MJ/kg DM;6;skip;;;;;a digestibility or an animal-specific energy value is a fact about a material AND an animal - model rule layer, not a facts-only data layer;
Energy, digestible, salmonids;MJ/kg DM;2;skip;;;;;a digestibility or an animal-specific energy value is a fact about a material AND an animal - model rule layer, not a facts-only data layer;
Energy, gross;MJ/kg DM;10;take;hhv;MJ/kg;dry;;gross energy is the calorific value fuel sources call HHV;
Energy, metabolisable;MJ/kg DM;2;skip;;;;;a digestibility or an animal-specific energy value is a fact about a material AND an animal - model rule layer, not a facts-only data layer;
Energy, metabolisable;kcal/kg;1;skip;;;;;a digestibility or an animal-specific energy value is a fact about a material AND an animal - model rule layer, not a facts-only data layer;
Energy, metabolisable, N corrected, growing pig;MJ/kg DM;6;skip;;;;;a digestibility or an animal-specific energy value is a fact about a material AND an animal - model rule layer, not a facts-only data layer;
Energy, metabolisable, N corrected, rabbit;MJ/kg DM;2;skip;;;;;a digestibility or an animal-specific energy value is a fact about a material AND an animal - model rule layer, not a facts-only data layer;
Energy, metabolisable, ruminants;MJ/kg DM;6;skip;;;;;a digestibility or an animal-specific energy value is a fact about a material AND an animal - model rule layer, not a facts-only data layer;
Energy, metabolisable, ruminants (gas production);MJ/kg DM;2;skip;;;;;a digestibility or an animal-specific energy value is a fact about a material AND an animal - model rule layer, not a facts-only data layer;
Energy, net;MJ/kg as fed, pigs;2;skip;;;;;a digestibility or an animal-specific energy value is a fact about a material AND an animal - model rule layer, not a facts-only data layer;
Energy, net, growing pig;MJ/kg DM;5;skip;;;;;a digestibility or an animal-specific energy value is a fact about a material AND an animal - model rule layer, not a facts-only data layer;
Fat;% DM;2;take;fat_total;%;dry;;the source does not name the extraction;
Fat;g/kg DM;5;take;fat_total;g/kg;dry;;the source does not name the extraction;
Fat, crude;% DM;12;take;fat_total;%;dry;ee-diethyl;;
Fat, crude;g/kg DM;1;take;fat_total;g/kg;dry;ee-diethyl;;
Fat, crude, HCl hydrolysis;% DM;2;take;fat_total;%;dry;ee-hcl;;
Fibre, crude;%;1;take;crude_fibre;%;unknown;;the source does not state the basis;
Fibre, crude;% d.b.;3;take;crude_fibre;%;dry;;;
Fibre, crude;g/kg DM;3;take;crude_fibre;g/kg;dry;;;
Fibre, dietary;% DM;2;take;total_dietary_fibre;%;dry;;;
Fibre, dietary;g/kg DM;1;take;total_dietary_fibre;g/kg;dry;;;
Fibre, dietary, insoluble;% DM;2;skip;;;;;fibre sub-fractions with no catalogue parameter yet;
Fibre, dietary, soluble;% DM;2;skip;;;;;fibre sub-fractions with no catalogue parameter yet;
Fibre, insoluble non-starch polysaccharides (I-NSP);g/kg DM;1;skip;;;;;fibre sub-fractions with no catalogue parameter yet;
Fibre, non-starch polysaccharides, total (T-NSP);g/kg DM;1;skip;;;;;fibre sub-fractions with no catalogue parameter yet;
Fibre, soluble non-starch polysaccharides (S-NSP);g/kg DM;1;skip;;;;;fibre sub-fractions with no catalogue parameter yet;
Fructan;g/kg DM;1;skip;;;;;individual non-starch polysaccharide sugars, reported only as NCP fractions by one study;
Galactose;NCP (g/kg DM);1;skip;;;;;individual non-starch polysaccharide sugars, reported only as NCP fractions by one study;
Gallic acid;mg/100g;1;skip;;;;;individual phenolic compounds - the bioactive branch holds only totals so far;
Gallium;ppm d.b.;1;skip;;;;;a single ICP scan of one sample. Nine parameters for nine values would make the catalogue's shape reflect one instrument run;
Germanium;ppm d.b.;1;skip;;;;;a single ICP scan of one sample. Nine parameters for nine values would make the catalogue's shape reflect one instrument run;
Globulin;% protein;2;skip;;;;;protein fractions, same expression problem as the amino acids;
Glucose;NCP (g/kg DM);1;skip;;;;;individual non-starch polysaccharide sugars, reported only as NCP fractions by one study;
Glutamic acid;% D AA;1;skip;;;;;AMINO ACIDS - real composition and INFOODS carries the family, but the source expresses them as 'g/16g N' and '% protein', which are EXPRESSIONS relative to protein rather than units. BioMobi has no expression axis yet, so entering them would bury that in prose. Deferred as a named decision, not dropped;
Glutamic acid;% protein;1;skip;;;;;AMINO ACIDS - real composition and INFOODS carries the family, but the source expresses them as 'g/16g N' and '% protein', which are EXPRESSIONS relative to protein rather than units. BioMobi has no expression axis yet, so entering them would bury that in prose. Deferred as a named decision, not dropped;
Glutamic acid;g/16g N;1;skip;;;;;AMINO ACIDS - real composition and INFOODS carries the family, but the source expresses them as 'g/16g N' and '% protein', which are EXPRESSIONS relative to protein rather than units. BioMobi has no expression axis yet, so entering them would bury that in prose. Deferred as a named decision, not dropped;
Glutamic acid/Glutamine;mg/g dry matter;1;skip;;;;;AMINO ACIDS - real composition and INFOODS carries the family, but the source expresses them as 'g/16g N' and '% protein', which are EXPRESSIONS relative to protein rather than units. BioMobi has no expression axis yet, so entering them would bury that in prose. Deferred as a named decision, not dropped;
Glutelin;% protein;2;skip;;;;;protein fractions, same expression problem as the amino acids;
Glycine;% protein;1;skip;;;;;AMINO ACIDS - real composition and INFOODS carries the family, but the source expresses them as 'g/16g N' and '% protein', which are EXPRESSIONS relative to protein rather than units. BioMobi has no expression axis yet, so entering them would bury that in prose. Deferred as a named decision, not dropped;
Glycine;g/16g N;1;skip;;;;;AMINO ACIDS - real composition and INFOODS carries the family, but the source expresses them as 'g/16g N' and '% protein', which are EXPRESSIONS relative to protein rather than units. BioMobi has no expression axis yet, so entering them would bury that in prose. Deferred as a named decision, not dropped;
Glycine;mg/g dry matter;1;skip;;;;;AMINO ACIDS - real composition and INFOODS carries the family, but the source expresses them as 'g/16g N' and '% protein', which are EXPRESSIONS relative to protein rather than units. BioMobi has no expression axis yet, so entering them would bury that in prose. Deferred as a named decision, not dropped;
Glycosylation-dependent cell adhesion molecule 1 (milk glyicoproteinPP3);%;1;skip;;;;;protein fractions, same expression problem as the amino acids;
Gold;ppm d.b.;1;skip;;;;;a single ICP scan of one sample. Nine parameters for nine values would make the catalogue's shape reflect one instrument run;
Heating value, high;MJ/kg d.b.;1;take;hhv;MJ/kg;dry;;;
Heating value, low;MJ/kg d.b.;1;take;lhv;MJ/kg;dry;;;
Hemicellulose;% DM;4;take;hemicellulose;%;dry;;;
Hemicellulose;g/kg DM;1;take;hemicellulose;g/kg;dry;;;
Histidine;% of protein;2;skip;;;;;AMINO ACIDS - real composition and INFOODS carries the family, but the source expresses them as 'g/16g N' and '% protein', which are EXPRESSIONS relative to protein rather than units. BioMobi has no expression axis yet, so entering them would bury that in prose. Deferred as a named decision, not dropped;
Histidine;g/16g N;1;skip;;;;;AMINO ACIDS - real composition and INFOODS carries the family, but the source expresses them as 'g/16g N' and '% protein', which are EXPRESSIONS relative to protein rather than units. BioMobi has no expression axis yet, so entering them would bury that in prose. Deferred as a named decision, not dropped;
Histidine;mg/g dry matter;1;skip;;;;;AMINO ACIDS - real composition and INFOODS carries the family, but the source expresses them as 'g/16g N' and '% protein', which are EXPRESSIONS relative to protein rather than units. BioMobi has no expression axis yet, so entering them would bury that in prose. Deferred as a named decision, not dropped;
Hourly degradation rate of particles;h-1;1;skip;;;;;derived against an animal or a process, not a stream property;
Hydrogen;% d.b.;1;take;hydrogen;%;dry;;;
Indium;ppm d.b.;1;skip;;;;;a single ICP scan of one sample. Nine parameters for nine values would make the catalogue's shape reflect one instrument run;
Insoluble but potential degradable fraction;%;1;skip;;;;;derived or assay-specific, not an intrinsic composition figure;
Iron;mg/1000g;2;take;iron;mg/kg;unknown;;mg per 1000 g is mg/kg;
Iron;mg/kg DM;1;take;iron;mg/kg;dry;;;
Iron;ppm d.b.;1;take;iron;mg/kg;dry;;ppm read as mg/kg;
Iron;ppm of veg and fruit wastes;1;skip;;;;;unit 'ppm of veg and fruit wastes' has no mapping - the source's expression is not a unit;
Isoleucine;% protein;1;skip;;;;;AMINO ACIDS - real composition and INFOODS carries the family, but the source expresses them as 'g/16g N' and '% protein', which are EXPRESSIONS relative to protein rather than units. BioMobi has no expression axis yet, so entering them would bury that in prose. Deferred as a named decision, not dropped;
Isoleucine;g/16g N;1;skip;;;;;AMINO ACIDS - real composition and INFOODS carries the family, but the source expresses them as 'g/16g N' and '% protein', which are EXPRESSIONS relative to protein rather than units. BioMobi has no expression axis yet, so entering them would bury that in prose. Deferred as a named decision, not dropped;
Isoleucine;mg/g dry matter;1;skip;;;;;AMINO ACIDS - real composition and INFOODS carries the family, but the source expresses them as 'g/16g N' and '% protein', which are EXPRESSIONS relative to protein rather than units. BioMobi has no expression axis yet, so entering them would bury that in prose. Deferred as a named decision, not dropped;
Lactoglobulin, beta;%;1;skip;;;;;protein fractions, same expression problem as the amino acids;
Lactose;g/100g;1;take;lactose;g/100g;unknown;;;
Lead;mg/kg DM;2;take;lead;mg/kg;dry;;;
Lead;ppm d.b.;1;take;lead;mg/kg;dry;;ppm read as mg/kg;
Leucine;% protein;1;skip;;;;;AMINO ACIDS - real composition and INFOODS carries the family, but the source expresses them as 'g/16g N' and '% protein', which are EXPRESSIONS relative to protein rather than units. BioMobi has no expression axis yet, so entering them would bury that in prose. Deferred as a named decision, not dropped;
Leucine;g/16g N;1;skip;;;;;AMINO ACIDS - real composition and INFOODS carries the family, but the source expresses them as 'g/16g N' and '% protein', which are EXPRESSIONS relative to protein rather than units. BioMobi has no expression axis yet, so entering them would bury that in prose. Deferred as a named decision, not dropped;
Lignin;% w/w;1;skip;;;;;unit '% w/w' has no mapping - the source's expression is not a unit;
Lignin;g/g volatile solids;1;skip;;;;;unit 'g/g volatile solids' has no mapping - the source's expression is not a unit;
Lignin, Klason;g/kg DM;1;take;lignin;g/kg;dry;lignin-klason;;
Lignin, acid detergent;g/kg DM;1;take;lignin;g/kg;dry;lignin-adl;;
Lysine;% of protein;1;skip;;;;;AMINO ACIDS - real composition and INFOODS carries the family, but the source expresses them as 'g/16g N' and '% protein', which are EXPRESSIONS relative to protein rather than units. BioMobi has no expression axis yet, so entering them would bury that in prose. Deferred as a named decision, not dropped;
Lysine;g/16g N;1;skip;;;;;AMINO ACIDS - real composition and INFOODS carries the family, but the source expresses them as 'g/16g N' and '% protein', which are EXPRESSIONS relative to protein rather than units. BioMobi has no expression axis yet, so entering them would bury that in prose. Deferred as a named decision, not dropped;
Magnesium;% DM basis;2;take;magnesium;%;dry;;;
Magnesium;g/kg DM;1;take;magnesium;g/kg;dry;;;
Manganese;mg/1000g;1;take;manganese;mg/kg;unknown;;mg per 1000 g is mg/kg;
Manganese;mg/kg DM;1;take;manganese;mg/kg;dry;;;
Manganese;ppm of fruit and veg waste;1;skip;;;;;unit 'ppm of fruit and veg waste' has no mapping - the source's expression is not a unit;
Mannose;NCP (g/kg DM);1;skip;;;;;individual non-starch polysaccharide sugars, reported only as NCP fractions by one study;
Methane (CH4);LN/kg volatile solids;2;skip;;;;;BIOGAS AND METHANE YIELD - a measured property of the material, but also the output of a process applied to it. Which side of the charter's data/rules line it falls on is a reviewer decision, so it is located and not taken;
Methane (CH4);m3/kg total solids;2;skip;;;;;BIOGAS AND METHANE YIELD - a measured property of the material, but also the output of a process applied to it. Which side of the charter's data/rules line it falls on is a reviewer decision, so it is located and not taken;
Methane (CH4);m3/kg volatile solids;5;skip;;;;;BIOGAS AND METHANE YIELD - a measured property of the material, but also the output of a process applied to it. Which side of the charter's data/rules line it falls on is a reviewer decision, so it is located and not taken;
Methane content (CH4);N/A;2;skip;;;;;BIOGAS AND METHANE YIELD - a measured property of the material, but also the output of a process applied to it. Which side of the charter's data/rules line it falls on is a reviewer decision, so it is located and not taken;
Methionine;% protein;1;skip;;;;;AMINO ACIDS - real composition and INFOODS carries the family, but the source expresses them as 'g/16g N' and '% protein', which are EXPRESSIONS relative to protein rather than units. BioMobi has no expression axis yet, so entering them would bury that in prose. Deferred as a named decision, not dropped;
Methionine;g/16g N;1;skip;;;;;AMINO ACIDS - real composition and INFOODS carries the family, but the source expresses them as 'g/16g N' and '% protein', which are EXPRESSIONS relative to protein rather than units. BioMobi has no expression axis yet, so entering them would bury that in prose. Deferred as a named decision, not dropped;
Molybdenum;ppm veg/fruit waste;1;skip;;;;;no catalogue parameter yet for this element;
Net gas production;ml/24h/g DM;1;skip;;;;;derived or assay-specific, not an intrinsic composition figure;
Neutral Detergent Fibre;% d.b.;1;take;ndf;%;dry;;;
Neutral Detergent Fibre;g/kg DM;2;take;ndf;g/kg;dry;;;
Neutral Detergent Solubles (NDS);% DM;2;skip;;;;;derived or assay-specific, not an intrinsic composition figure;
Neutral detergent fibre digestibility;%;1;skip;;;;;derived against an animal or a process, not a stream property;
Nickel;mg/kg DM;2;take;nickel;mg/kg;dry;;;
Nitrogen degradability (effective, k=4%);%;1;skip;;;;;derived against an animal or a process, not a stream property;
Nitrogen degradability (effective, k=6%);%;1;skip;;;;;derived against an animal or a process, not a stream property;
Nitrogen digestibility, growing pig;%;1;skip;;;;;derived against an animal or a process, not a stream property;
Nitrogen digestibility, salmonids;%;1;skip;;;;;derived against an animal or a process, not a stream property;
Nitrogen, immediately digestible;%;1;skip;;;;;derived against an animal or a process, not a stream property;
Nitrogen, potentially digestible;%;1;skip;;;;;derived against an animal or a process, not a stream property;
Organic matter;% DM;2;take;organic_matter;%;dry;;;
Organic matter;g/kg DM;2;take;organic_matter;g/kg;dry;;;
Organic matter digestibility, true;%;1;skip;;;;;derived against an animal or a process, not a stream property;
Organic matter, enzymatic digestible;g/kg DM;1;skip;;;;;derived against an animal or a process, not a stream property;
Phenolics, total;% DM;1;take;total_polyphenols;%;dry;;;
Phenylalanine;% protein;1;skip;;;;;AMINO ACIDS - real composition and INFOODS carries the family, but the source expresses them as 'g/16g N' and '% protein', which are EXPRESSIONS relative to protein rather than units. BioMobi has no expression axis yet, so entering them would bury that in prose. Deferred as a named decision, not dropped;
Phosphorus;g/kg DM;1;take;phosphorus;g/kg;dry;;;
Potassium;g/kg DM;1;take;potassium;g/kg;dry;;;
Proline;% protein;1;skip;;;;;AMINO ACIDS - real composition and INFOODS carries the family, but the source expresses them as 'g/16g N' and '% protein', which are EXPRESSIONS relative to protein rather than units. BioMobi has no expression axis yet, so entering them would bury that in prose. Deferred as a named decision, not dropped;
Protein, crude;% d.b.;1;take;crude_protein;%;dry;;;
Serine;% protein;1;skip;;;;;AMINO ACIDS - real composition and INFOODS carries the family, but the source expresses them as 'g/16g N' and '% protein', which are EXPRESSIONS relative to protein rather than units. BioMobi has no expression axis yet, so entering them would bury that in prose. Deferred as a named decision, not dropped;
Sodium;g/kg DM;1;take;sodium;g/kg;dry;;;
Threonine;% protein;1;skip;;;;;AMINO ACIDS - real composition and INFOODS carries the family, but the source expresses them as 'g/16g N' and '% protein', which are EXPRESSIONS relative to protein rather than units. BioMobi has no expression axis yet, so entering them would bury that in prose. Deferred as a named decision, not dropped;
Tryptophan;% protein;1;skip;;;;;AMINO ACIDS - real composition and INFOODS carries the family, but the source expresses them as 'g/16g N' and '% protein', which are EXPRESSIONS relative to protein rather than units. BioMobi has no expression axis yet, so entering them would bury that in prose. Deferred as a named decision, not dropped;
Tyrosine;% protein;1;skip;;;;;AMINO ACIDS - real composition and INFOODS carries the family, but the source expresses them as 'g/16g N' and '% protein', which are EXPRESSIONS relative to protein rather than units. BioMobi has no expression axis yet, so entering them would bury that in prose. Deferred as a named decision, not dropped;
Valine;% protein;1;skip;;;;;AMINO ACIDS - real composition and INFOODS carries the family, but the source expresses them as 'g/16g N' and '% protein', which are EXPRESSIONS relative to protein rather than units. BioMobi has no expression axis yet, so entering them would bury that in prose. Deferred as a named decision, not dropped;
Volatile solids content;% total solids;1;skip;;;;;derived or assay-specific, not an intrinsic composition figure;
Zinc;mg/kg DM;3;take;zinc;mg/kg;dry;;;
eNeutral Detergent Fibre;% d.b.;4;take;ndf;%;dry;ndf-amylase;the source's 'e' prefix marks the enzymatic (amylase) variant;
