excel_parameter;n_rows;proposed_code;proposed_category;note;CORRECTED_CODE;CORRECTED_CATEGORY
Ash;41;ash;chemical;;;
Crude protein;41;crude_protein;chemical;different assay from Protein - deliberately NOT merged;;
DS;37;dry_solids;physical;MERGED -> dry_solids;;
Lipids/fat;31;lipids_fat;chemical;MERGED -> lipids_fat;;
Phosphorus;27;phosphorus;chemical;;;
ADF;25;adf;chemical;;;
NDF;25;ndf;chemical;;;
Calcium;22;calcium;chemical;;;
Nitrogen;22;nitrogen;chemical;kept apart from TN/TKN/TAN - the Notes column shows these were different assays;;
Potassium;22;potassium;chemical;;;
State;19;state;physical;;;
Crude fibre;18;crude_fibre;chemical;;;
Starch;17;starch;chemical;;;
Sulphur;17;sulphur;chemical;;;
VM;15;vm;physical;volatile MATTER (proximate) != volatile SOLIDS;;
Particle size;13;particle_size;physical;;;
Total sugars;10;total_sugars;chemical;;;
Lignin;8;lignin;chemical;;;
Methane;8;methane;chemical;;;
BPP;7;bpp;chemical;;;
Total solids;7;dry_solids;physical;MERGED -> dry_solids;;
Carbohydrate;6;total_carbohydrates;chemical;MERGED -> total_carbohydrates;;
Protein;6;protein;chemical;MERGED -> protein;;
COD;5;cod;chemical;;;
Pectins;5;pectins;chemical;;;
Xylan;5;xylan;chemical;;;
Glucan;4;glucan;chemical;;;
Inerts;4;inerts;chemical;;;
Water solubles;4;water_solubles;chemical;;;
pH;4;ph;chemical;;;
Bulk density;2;bulk_density;physical;;;
Cellulose;2;cellulose;chemical;;;
FS;2;fs;physical;;;
FSS;2;fss;physical;;;
Proteins;2;protein;chemical;MERGED -> protein;;
TKN;2;tkn;chemical;total Kjeldahl nitrogen;;
TS;2;dry_solids;physical;MERGED -> dry_solids;;
TSS;2;tss;physical;;;
VS;2;volatile_solids;physical;MERGED -> volatile_solids;;
Volatile solids;2;volatile_solids;physical;MERGED -> volatile_solids;;
Arabinan;1;arabinan;chemical;;;
Arabinose;1;arabinose;chemical;;;
C:N;1;c_n;chemical;;;
Chloride;1;chloride;chemical;;;
Free amino Nitrogen;1;free_amino_nitrogen;chemical;;;
Free sugars;1;free_sugars;chemical;!= Total sugars;;
Galactan;1;galactan;chemical;;;
Glucan (excl. starch);1;glucan_excl_starch;chemical;!= Glucan;;
Glucose;1;glucose;chemical;;;
Inorganic phosphate;1;inorganic_phosphate;chemical;!= Phosphorus;;
Insoluble lignin;1;insoluble_lignin;chemical;!= Lignin;;
Net Calorific Value;1;net_calorific_value;physical;;;
Other sugars;1;other_sugars;chemical;!= Total sugars;;
Soluble lignin;1;soluble_lignin;chemical;!= Lignin;;
Sucrose;1;sucrose;chemical;;;
TAN;1;tan;chemical;total ammoniacal nitrogen;;
TN;1;tn;chemical;total nitrogen;;
TOC;1;toc;chemical;;;
Total carbohydrates;1;total_carbohydrates;chemical;MERGED -> total_carbohydrates;;
Total lipids;1;lipids_fat;chemical;MERGED -> lipids_fat;;
Total proteins;1;protein;chemical;MERGED -> protein;;
VFA;1;vfa;chemical;;;
sCOD;1;scod;chemical;soluble COD != COD;;
