excel_source;n_rows_total;n_rows_on_candidate_streams;proposed_key;proposed_type;doi;note;DECISION
Agrocycle (D1.2);122;41;xls-agrocycle-d1-2;internal;;"Database / report / bare title. Needs a real reference later; unverified transcription.";
Feedipedia;58;58;xls-feedipedia;internal;;"Database / report / bare title. Needs a real reference later; unverified transcription.";
2012FeedComp;57;57;xls-2012feedcomp;internal;;"Database / report / bare title. Needs a real reference later; unverified transcription.";
E. Stylianou, C. Pateraki, D. Ladakis, M. Cruz-Fernández, M. Latorre-Sánchez, C. Coll, A. Koutinas, Evaluation of organic fractions of municipal solid waste as renewable feedstock for succinic acid production, Biotechnol. Biofuels 13 (2020) 72. https://doi.org/10.1186/s13068-020-01708-w.;44;0;xls-stylianou2020;internal;10.1186/s13068-020-01708-w;"Serves only out-of-scope streams; nothing to load.";exclude
D. Ladakis, E. Stylianou, S.-M. Ioannidou, A. Koutinas, C. Pateraki, Biorefinery development, techno-economic evaluation and environmental impact analysis for the conversion of the organic fraction of municipal solid waste into succinic acid and value-added fractions, Bioresour. Technol. 354 (2022) 127172. https://doi.org/10.1016/j.biortech.2022.127172.;20;0;xls-ladakis2022;internal;10.1016/j.biortech.2022.127172;"Serves only out-of-scope streams; nothing to load.";exclude
Online European Feedstock Atlas;14;14;xls-online-european-feedstock-atlas;internal;;"Database / report / bare title. Needs a real reference later; unverified transcription.";
Digestion kinetics of neutral detergent fiber and chemical composition within some selected by-product feedstuffs;14;14;xls-digestion-kinetics-of-neutral-detergent;internal;;"Database / report / bare title. Needs a real reference later; unverified transcription.";
A review of the utility of potato by-products as a feed resource for smallholder pig production;14;14;xls-a-review-of-the-utility-of-potato-by-pro;internal;;"Database / report / bare title. Needs a real reference later; unverified transcription.";
Utilization of fruit and vegetable wastes as livestock feed and as substrates for generation of other value-added products;12;12;xls-utilization-of-fruit-and-vegetable-waste;internal;;"Database / report / bare title. Needs a real reference later; unverified transcription.";
Chemical and physicochemical characterisation of co-products from the vegetable food and agro industries;12;12;xls-chemical-and-physicochemical-characteris;internal;;"Database / report / bare title. Needs a real reference later; unverified transcription.";
N. Mlaik, S. Khoufi, M. Hamza, M.A. Masmoudi, S. Sayadi, Enzymatic pre-hydrolysis of organic fraction of municipal solid waste to enhance anaerobic digestion, Biomass Bioenergy 127 (2019) 105286. https://doi.org/10.1016/j.biombioe.2019.105286.;12;0;xls-mlaik2019;internal;10.1016/j.biombioe.2019.105286;"Serves only out-of-scope streams; nothing to load.";exclude
H. Fisgativa, A. Tremier, S. Le Roux, C. Bureau, P. Dabert, Understanding the anaerobic biodegradability of food waste: Relationship between the typological, biochemical and microbial characteristics, Journal of Environmental Management 188 (2017) 95–107. https://doi.org/10.1016/j.jenvman.2016.11.058.;12;0;xls-fisgativa2016;internal;10.1016/j.jenvman.2016.11.058;"Serves only out-of-scope streams; nothing to load.";exclude
Agrocycle (D1.5);10;10;xls-agrocycle-d1-5;internal;;"Database / report / bare title. Needs a real reference later; unverified transcription.";
E.F. Castillo M., D.E. Cristancho, A. Victor Arellano, Study of the operational conditions for anaerobic digestion of urban solid wastes, Waste Manag. 26 (2006) 546–556. https://doi.org/10.1016/j.wasman.2005.06.003.;10;0;xls-castillo2006;internal;10.1016/j.wasman.2005.06.003;"Serves only out-of-scope streams; nothing to load.";exclude
A comparative evaluation of antioxidant and antidiabetic potential of peel from young and matured potato;8;8;xls-a-comparative-evaluation-of-antioxidant;internal;;"Database / report / bare title. Needs a real reference later; unverified transcription.";
Chemical composition, digestible protein and energy values of some alternative feedstuffs for pigs in Brazil;7;7;xls-chemical-composition-digestible-protein;internal;;"Database / report / bare title. Needs a real reference later; unverified transcription.";
Production of alkaline protease by a thermophilic Bacillus subtilis under solid-state fermentation (SSF) condition using Imperata cylindrica grass and potato peel as low-cost medium: Characterization and application of enzyme in detergent formulation;6;6;xls-production-of-alkaline-protease-by-a-the;internal;;"Database / report / bare title. Needs a real reference later; unverified transcription.";
Neutral Detergent Soluble Carbohydrates Nutritional Relevance and Analysis;5;5;xls-neutral-detergent-soluble-carbohydrates;internal;;"Database / report / bare title. Needs a real reference later; unverified transcription.";
K. Papanikola, K. Papadopoulou, C. Tsiliyannis, I. Fotinopoulou, A. Katsiampoulas, E. Chalarakis, M. Georgiopoulou, V. Rontogianni, I. Michalopoulos, D. Mathioudakis, G.M. Lytras, G. Lyberatos, Food residue biomass product as an alternative fuel for the cement industry, Environ. Sci. Pollut. Res. 26 (2019) 35555–35564. https://doi.org/10.1007/s11356-019-05318-4.;5;0;xls-papanikola2019;internal;10.1007/s11356-019-05318-4;"Serves only out-of-scope streams; nothing to load.";exclude
Cropgen database;4;4;xls-cropgen-database;internal;;"Database / report / bare title. Needs a real reference later; unverified transcription.";
Addition of rice straw or/and wheat bran on composition, ruminal degradability and voluntary intake of bamboo shoot shells silage fed to sheep;3;3;xls-addition-of-rice-straw-or-and-wheat-bran;internal;;"Database / report / bare title. Needs a real reference later; unverified transcription.";
ECN Phyllis 2;2;2;xls-ecn-phyllis-2;internal;;"Database / report / bare title. Needs a real reference later; unverified transcription.";
Bio-processing of agro-byproducts to animal feed ;2;2;xls-bio-processing-of-agro-byproducts-to-ani;internal;;"Database / report / bare title. Needs a real reference later; unverified transcription.";
Comparison of two wheat bran extracts in the sheet extrusion process;1;1;xls-comparison-of-two-wheat-bran-extracts-in;internal;;"Database / report / bare title. Needs a real reference later; unverified transcription.";
Chemical and phsicochemical characterisation of various horse feed ingredients;1;1;xls-chemical-and-phsicochemical-characterisa;internal;;"Database / report / bare title. Needs a real reference later; unverified transcription.";
%DS;1;1;xls-ds;internal;;NOT A SOURCE - column-shift typo on Sugar_beet/Starch.;exclude
