code;canonical_name;register_l4;fractie;l4_rank;l4_t_per_jaar;grootste_claim_t;grootste_claim;tak;ketenschakel;geografie;n_claims;claim_ids;omschrijving;DECISION
mais-stro;Maisstro;Mais;stro;1;1456062;1456062;C-427 / MONBIO 3.0;Plantaardig - akkerbouw;Primaire productie;Vlaanderen;2;C-427 C-246;Maisstro dat na de oogst op het veld achterblijft en wordt ingewerkt (productieresidu).;include
raapzaad-schroot;Kool- en raapzaadschroot;Kool- en raapzaad;schroot;2;857931;852000;C-520 / MONBIO 3.0;Plantaardig - akkerbouw;Voedingsindustrie;Belgie;2;C-520 C-331;Meel/schroot uit de persing van kool- en raapzaad (FEDIOL-crush). Belgisch cijfer, geen Vlaams.;include
raapzaad-stro;Kool- en raapzaadstro;Kool- en raapzaad;stro;2;857931;7818;C-256 / MONBIO 4.0;Plantaardig - akkerbouw;Primaire productie;Vlaanderen;2;C-256 C-431;Kool- en raapzaadstro dat van het veld wordt gehaald (nevenstroom).;include
aardappel-loof;Aardappelloof;Aardappel;loof;3;855393;800480;C-428 / MONBIO 3.0;Plantaardig - akkerbouw;Primaire productie;Vlaanderen;2;C-428 C-247;Aardappelloof, voor de oogst gedood en ondergewerkt (productieresidu).;include
aardappel-primair;Aardappelen (reststroom primaire productie);Aardappel;knol;3;855393;429871;C-057 / OVAM Monitor voedselverlies 2023;Plantaardig - akkerbouw;Primaire productie;Vlaanderen;6;C-057 C-005 C-042 C-068 C-167 C-179;De knol zelf: niet-geoogste en afgekeurde aardappelen op het veld. Ander materiaal dan loof (dat is oogstrest) en dan de industriele reststroom.;include
aardappel-industrie;Aardappelreststroom voedingsindustrie;Aardappel;verwerkingsrest;3;855393;56585;C-314 / MONBIO 4.0;Plantaardig - akkerbouw;Voedingsindustrie;Vlaanderen;2;C-314 C-501;Reststroom van de aardappelverwerking, door de bron benoemd als Prodcom 103113 (meel, gries, vlokken, korrels en pellets van gedroogde aardappelen). Dit is de enige aardappelverwerkings-reststroom die het corpus meet - zie gap G-01.;include
suikerbiet-loof;Suikerbietenloof;Suikerbiet;loof;4;812224;463884;C-429 / MONBIO 3.0;Plantaardig - akkerbouw;Primaire productie;Vlaanderen;2;C-429 C-248;Bietenloof dat op het veld achterblijft en wordt ingewerkt (productieresidu).;include
suikerbiet-pulp;Bietenpulp;Suikerbiet;pulp;4;812224;350000;C-382 / MONBIO 4.0;Plantaardig - akkerbouw;Voedingsindustrie;Vlaanderen;2;C-382 C-575;Uitgeloogde bietenpulp uit de suikerfabriek (nevenstroom).;include
suikerbiet-primair;Suikerbieten (reststroom primaire productie);Suikerbiet;biet;4;812224;40195;C-178 / OVAM Monitor voedselverlies 2020;Plantaardig - akkerbouw;Primaire productie;Vlaanderen;5;C-178 C-041 C-067 C-166 C-056;De biet zelf: afgekeurde en niet-geoogste suikerbieten. Ander materiaal dan loof of pulp.;include
zetmeel-reststroom;Zetmeelreststroom;Zetmeel;verwerkingsrest;5;284549;284549;C-550 / MONBIO 3.0;Varia;Voedingsindustrie;Vlaanderen;1;C-550;Afvallen van zetmeelfabrieken en dergelijke (Prodcom 106220).;include
zemelen;Zemelen;Zemelen;verwerkingsrest;6;278865;278865;C-549 / MONBIO 3.0;Plantaardig - akkerbouw;Voedingsindustrie;Vlaanderen;2;C-549 C-358;Zemelen, slijpsel en andere resten van het bewerken van granen (Prodcom 106140).;include
tarwe-stro;Tarwestro;Tarwe;stro;7;255836;255836;C-249 / MONBIO 4.0;Plantaardig - akkerbouw;Primaire productie;Vlaanderen;2;C-249 C-430;Tarwestro dat van het veld wordt gehaald, ingezet als strooisel of structuurmateriaal.;include
lijnzaad-schroot;Lijnzaadschroot;Lijnzaad;schroot;8;245000;245000;C-333 / MONBIO 4.0;Plantaardig - akkerbouw;Voedingsindustrie;Belgie;2;C-333 C-522;Meel/schroot uit de persing van lijnzaad (FEDIOL-crush). Belgisch cijfer, geen Vlaams.;include
bloemkool-loof;Bloemkoolloof;Bloemkool;loof;9;201311;197100;C-706 / GeNeSys ILVO 165;Plantaardig - tuinbouw;Primaire productie;Vlaanderen;3;C-706 C-250 C-432;"Blad- en stengelmassa van bloemkool, oogstrest op het veld. Twee bronnen benoemen hetzelfde materiaal anders (GeNeSys: blad- en stengelmassa; MONBIO: bloemkoolloof).";include
bloemkool-harten;Bloemkoolharten;Bloemkool;harten;9;201311;18395;C-255 / MONBIO 4.0;Plantaardig - tuinbouw;Primaire productie;Vlaanderen;2;C-255 C-437;Eetbare nevenstroom van machinaal geoogste bloemkool.;include
bloemkool-primair;Bloemkool (reststroom primaire productie en afzet);Bloemkool;kool;9;201311;16388;C-610 / ILVO 239 tuinbouw;Plantaardig - tuinbouw;Primaire productie | Producentenorganisaties/veilingen | Voedingsindustrie;Belgie | Vlaanderen;5;C-610 C-611 C-612 C-778 C-769;De kool zelf: afgekeurde bloemkool. Een materiaal, drie ketenschakels - veld, veiling (doordraai) en verwerkende industrie.;include
soja-schroot;Sojaschroot;Soja;schroot;10;170000;170000;C-519 / MONBIO 3.0;Plantaardig - akkerbouw;Voedingsindustrie;Belgie;2;C-519 C-330;Meel/schroot uit de persing van soja (FEDIOL-crush). Belgisch cijfer, geen Vlaams.;include
slachtafval-niet-eetbaar;Niet-eetbare ruwe slachtafvallen;Niet-eetbare slachtafvallen;slachtafval;11;169051;169051;C-298 / MONBIO 4.0;Dierlijk - vee;Voedingsindustrie;Vlaanderen;2;C-298 C-483;Niet-eetbare ruwe slachtafvallen (Prodcom 101160), NACE 10.11. De bron bundelt meerdere diersoorten - zie gap G-03.;include
dierlijk-vet;Dierlijk vet;Dierlijk vet;vet;12;145498;145498;C-297 / MONBIO 4.0;Dierlijk - vee;Voedingsindustrie;Vlaanderen;2;C-297 C-482;Rund-, schapen-, geiten- of varkensvet (Prodcom 101150), NACE 10.11.;include
spruiten-stengelmassa;Spruitstokken en stengelmassa;Spruiten;stengelmassa;13;138000;138000;C-735 / GeNeSys ILVO 165;Plantaardig - tuinbouw;Primaire productie;Vlaanderen;3;C-735 C-251 C-434;"Stengelmassa / spruitstokken, oogstrest op het veld. Twee bronnen benoemen hetzelfde materiaal anders (GeNeSys: stengelmassa; MONBIO: spruitstokken).";include
spruiten-primair;Spruiten (reststroom primaire productie);Spruiten;spruit;13;138000;5452;C-618 / ILVO 239 tuinbouw;Plantaardig - tuinbouw;Primaire productie;Vlaanderen;3;C-618 C-619 C-620;De spruit zelf: afgekeurde spruiten in het afzetkanaal industrie.;include
