fix_id;fix_class;claim_id;source_short;L1_role;chain_L2;volume_t_per_yr;current_path;current_level;current_name;SET_level_1to5;SET_L4_ingredient;SET_stream_name_NL;why;evidence;DECISION_fix;
F-001;A-prodcom-level;C-532;MONBIO 3.0;Reststroom;Voedingsindustrie;1349271.0;Plantaardig - akkerbouw > Oliehoudende gewassen;3;Perskoeken en andere vaste afvallen van plantaardige olien en vetten (Prodcom 104141);4;Perskoeken en andere vaste afvallen van plantaardige olien en vetten;;a Prodcom row names a product, which sits at L4 under its subgroup;same rule already applied to the Prodcom rows under Varia;fix;this is difficult since it is actually either a subset aggregate of the L3 level oliehoudende gewassen, waste coming frm the oil production of these crops, but there obviously exist more types of waste for L3 oliehoudende gewassen. But it can also be waste under L3 olien en vetten in varia, but at the L4 level of plantaardige olien
F-002;A-prodcom-level;C-507;MONBIO 3.0;Productievolume;Voedingsindustrie;1236180.0;Plantaardig - tuinbouw > Groenten;3;Groenten, bevroren (Prodcom 103911);4;Groenten, bevroren;;a Prodcom row names a product, which sits at L4 under its subgroup;same rule already applied to the Prodcom rows under Varia;ok;
F-003;A-prodcom-level;C-318;MONBIO 4.0;Productievolume;Voedingsindustrie;1232377.0;Plantaardig - tuinbouw > Groenten;3;Groenten, bevroren (Prodcom 103911);4;Groenten, bevroren;;a Prodcom row names a product, which sits at L4 under its subgroup;same rule already applied to the Prodcom rows under Varia;ok;
F-004;A-prodcom-level;C-396;MONBIO 4.0;Productievolume;Voedingsindustrie;1027663.0;Plantaardig - akkerbouw > Granen;3;Mout (Prodcom 110610);4;Mout;;a Prodcom row names a product, which sits at L4 under its subgroup;same rule already applied to the Prodcom rows under Varia;ok;
F-005;A-prodcom-level;C-342;MONBIO 4.0;Reststroom;Voedingsindustrie;1019363.0;Plantaardig - akkerbouw > Oliehoudende gewassen;3;Perskoeken en andere vaste afvallen van plantaardige olien en vetten (Prodcom 104141);4;Perskoeken en andere vaste afvallen van plantaardige olien en vetten;;a Prodcom row names a product, which sits at L4 under its subgroup;same rule already applied to the Prodcom rows under Varia;fix;this is difficult since it is actually either a subset aggregate of the L3 level oliehoudende gewassen, waste coming frm the oil production of these crops, but there obviously exist more types of waste for L3 oliehoudende gewassen. But it can also be waste under L3 olien en vetten in varia, but at the L4 level of plantaardige olien
F-006;A-prodcom-level;C-589;MONBIO 3.0;Productievolume;Voedingsindustrie;890015.0;Plantaardig - akkerbouw > Granen;3;Mout (Prodcom 110610);4;Mout;;a Prodcom row names a product, which sits at L4 under its subgroup;same rule already applied to the Prodcom rows under Varia;ok;
F-007;A-prodcom-level;C-555;MONBIO 3.0;Reststroom;Voedingsindustrie;661550.0;Plantaardig - akkerbouw > Suikerbieten en nijverheidsgewassen;3;Bietenpulp, uitgeperst suikerriet en andere afvallen van de suikerindustrie (Prodcom 108120);4;Bietenpulp, uitgeperst suikerriet en andere afvallen van de suikerindustrie;;a Prodcom row names a product, which sits at L4 under its subgroup;same rule already applied to the Prodcom rows under Varia;fix;similar to the oil, this fits partially undr L3 suikerbieten en nijverheidsgewassen, but it feels a bit wrong to put this next to a L4 item of suikerbieten. It could be used under L3 sugar in varia and count as waste for this L3 levl
F-008;A-prodcom-level;C-533;MONBIO 3.0;Productievolume;Voedingsindustrie;598446.76;Dierlijk - vee > Melk;3;Verwerkte vloeibare melk (incl. karnemelk) (Prodcom 105111);4;Verwerkte vloeibare melk (incl. karnemelk);;a Prodcom row names a product, which sits at L4 under its subgroup;same rule already applied to the Prodcom rows under Varia;ok;only in case this is not the total milk production number! If this is a subpart of the total milk volume, it is okay
F-009;A-prodcom-level;C-361;MONBIO 4.0;Productievolume;Voedingsindustrie;556283.0;Plantaardig - akkerbouw > Suikerbieten en nijverheidsgewassen;3;Riet- en beetwortelsuiker, geraffineerd - productie van het Vlaamse bedrijf (sites in Vlaanderen en Wallonie) (Prodcom 108112);4;Riet- en beetwortelsuiker, geraffineerd - productie van het Vlaamse bedrijf (sites in Vlaanderen en Wallonie);;a Prodcom row names a product, which sits at L4 under its subgroup;same rule already applied to the Prodcom rows under Varia;fix;feel like since this is the sugar cming from several crops, riet en beet, its difficult to place at L4 under L3 Suikerbieten en nijverheidsgewassen. L3 sugar feels like a better fit for this
F-010;A-prodcom-level;C-343;MONBIO 4.0;Productievolume;Voedingsindustrie;554739.89;Dierlijk - vee > Melk;3;Verwerkte vloeibare melk (incl. karnemelk) (Prodcom 105111);4;Verwerkte vloeibare melk (incl. karnemelk);;a Prodcom row names a product, which sits at L4 under its subgroup;same rule already applied to the Prodcom rows under Varia;ok;only in case this is not the total milk production number! If this is a subpart of the total milk volume, it is okay
F-011;A-prodcom-level;C-553;MONBIO 3.0;Productievolume;Voedingsindustrie;538889.0;Plantaardig - akkerbouw > Suikerbieten en nijverheidsgewassen;3;Riet- en beetwortelsuiker, geraffineerd - productie van het Vlaamse bedrijf (sites in Vlaanderen en Wallonie) (Prodcom 108112);4;Riet- en beetwortelsuiker, geraffineerd - productie van het Vlaamse bedrijf (sites in Vlaanderen en Wallonie);;a Prodcom row names a product, which sits at L4 under its subgroup;same rule already applied to the Prodcom rows under Varia;fix;feel like since this is the sugar cming from several crops, riet en beet, its difficult to place at L4 under L3 Suikerbieten en nijverheidsgewassen. L3 sugar feels like a better fit for this
F-012;A-prodcom-level;C-350;MONBIO 4.0;Productievolume;Voedingsindustrie;358250.0;Dierlijk - vee > Melk;3;Zuivelproducten, n.e.g. (Prodcom 105156);4;Zuivelproducten, n.e.g.;;a Prodcom row names a product, which sits at L4 under its subgroup;same rule already applied to the Prodcom rows under Varia;ok;
F-013;A-prodcom-level;C-541;MONBIO 3.0;Productievolume;Voedingsindustrie;328573.0;Dierlijk - vee > Melk;3;Zuivelproducten, n.e.g. (Prodcom 105156);4;Zuivelproducten, n.e.g.;;a Prodcom row names a product, which sits at L4 under its subgroup;same rule already applied to the Prodcom rows under Varia;ok;
F-014;A-prodcom-level;C-551;MONBIO 3.0;Productievolume;Voedingsindustrie;303437.0;Plantaardig - akkerbouw > Granen;3;Vers brood (Prodcom 107111);4;Vers brood;;a Prodcom row names a product, which sits at L4 under its subgroup;same rule already applied to the Prodcom rows under Varia;fix;should bread not be under bakery? I feel like we kind of made 2 distinctions in the commodity with the crops, but also some sectors in varia which cause this confusion
F-015;A-prodcom-level;C-359;MONBIO 4.0;Productievolume;Voedingsindustrie;286387.0;Plantaardig - akkerbouw > Granen;3;Vers brood (Prodcom 107111);4;Vers brood;;a Prodcom row names a product, which sits at L4 under its subgroup;same rule already applied to the Prodcom rows under Varia;fix;should bread not be under bakery? I feel like we kind of made 2 distinctions in the commodity with the crops, but also some sectors in varia which cause this confusion
F-016;A-prodcom-level;C-549;MONBIO 3.0;Reststroom;Voedingsindustrie;278865.0;Plantaardig - akkerbouw > Granen;3;Zemelen, slijpsel en andere resten van het bewerken van granen (Prodcom 106140);4;Zemelen, slijpsel en andere resten van het bewerken van granen;;a Prodcom row names a product, which sits at L4 under its subgroup;same rule already applied to the Prodcom rows under Varia;fix;if the name is a sum of things or sum of parts which already exist, this will almost always be a aggregate. This isn't a component which can be easily placed somewhere in the current commoditty ladder
F-017;A-prodcom-level;C-545;MONBIO 3.0;Productievolume;Voedingsindustrie;277749.0;Plantaardig - akkerbouw > Granen;3;Ontbijtgranen en andere graanproducten (Prodcom 106133);4;Ontbijtgranen en andere graanproducten;;a Prodcom row names a product, which sits at L4 under its subgroup;same rule already applied to the Prodcom rows under Varia;0;
F-018;A-prodcom-level;C-358;MONBIO 4.0;Reststroom;Voedingsindustrie;275849.0;Plantaardig - akkerbouw > Granen;3;Zemelen, slijpsel en andere resten van het bewerken van granen (Prodcom 106140);4;Zemelen, slijpsel en andere resten van het bewerken van granen;;a Prodcom row names a product, which sits at L4 under its subgroup;same rule already applied to the Prodcom rows under Varia;fix;if the name is a sum of things or sum of parts which already exist, this will almost always be a aggregate. This isn't a component which can be easily placed somewhere in the current commoditty ladder
F-019;A-prodcom-level;C-354;MONBIO 4.0;Productievolume;Voedingsindustrie;262407.0;Plantaardig - akkerbouw > Granen;3;Ontbijtgranen en andere graanproducten (Prodcom 106133);4;Ontbijtgranen en andere graanproducten;;a Prodcom row names a product, which sits at L4 under its subgroup;same rule already applied to the Prodcom rows under Varia;0;
F-020;A-prodcom-level;C-489;MONBIO 3.0;Productievolume;Voedingsindustrie;234506.0;Dierlijk - vee > Vlees;3;Andere bereidingen en conserven, van vlees, van slachtafval of van bloed (Prodcom 101315);4;Andere bereidingen en conserven, van vlees, van slachtafval of van bloed;;a Prodcom row names a product, which sits at L4 under its subgroup;same rule already applied to the Prodcom rows under Varia;fix;if the name is a sum of things or sum of parts which already exist, this will almost always be a aggregate. This isn't a component which can be easily placed somewhere in the current commoditty ladder
F-021;A-prodcom-level;C-304;MONBIO 4.0;Productievolume;Voedingsindustrie;227644.0;Dierlijk - vee > Vlees;3;Andere bereidingen en conserven, van vlees, van slachtafval of van bloed (Prodcom 101315);4;Andere bereidingen en conserven, van vlees, van slachtafval of van bloed;;a Prodcom row names a product, which sits at L4 under its subgroup;same rule already applied to the Prodcom rows under Varia;fix;if the name is a sum of things or sum of parts which already exist, this will almost always be a aggregate. This isn't a component which can be easily placed somewhere in the current commoditty ladder
F-022;A-prodcom-level;C-344;MONBIO 4.0;Productievolume;Voedingsindustrie;216442.05;Dierlijk - vee > Melk;3;Melk en room met meer dan 6% vet, niet ingedikt of gezoet (Prodcom 105112);4;Melk en room met meer dan 6% vet, niet ingedikt of gezoet;;a Prodcom row names a product, which sits at L4 under its subgroup;same rule already applied to the Prodcom rows under Varia;0;
F-023;A-prodcom-level;C-349;MONBIO 4.0;Productievolume;Voedingsindustrie;214953.0;Dierlijk - vee > Melk;3;Melk en room, ingedikt of met toegevoegde suiker (Prodcom 105151);4;Melk en room, ingedikt of met toegevoegde suiker;;a Prodcom row names a product, which sits at L4 under its subgroup;same rule already applied to the Prodcom rows under Varia;0;
F-024;A-prodcom-level;C-539;MONBIO 3.0;Productievolume;Voedingsindustrie;196052.0;Dierlijk - vee > Melk;3;Melk en room, ingedikt of met toegevoegde suiker (Prodcom 105151);4;Melk en room, ingedikt of met toegevoegde suiker;;a Prodcom row names a product, which sits at L4 under its subgroup;same rule already applied to the Prodcom rows under Varia;0;
F-025;A-prodcom-level;C-534;MONBIO 3.0;Productievolume;Voedingsindustrie;191291.17;Dierlijk - vee > Melk;3;Melk en room met meer dan 6% vet, niet ingedikt of gezoet (Prodcom 105112);4;Melk en room met meer dan 6% vet, niet ingedikt of gezoet;;a Prodcom row names a product, which sits at L4 under its subgroup;same rule already applied to the Prodcom rows under Varia;0;
F-026;A-prodcom-level;C-544;MONBIO 3.0;Productievolume;Voedingsindustrie;182809.0;Plantaardig - akkerbouw > Granen;3;Mengsels voor de bereiding van bakkerijproducten (Prodcom 106124);4;Mengsels voor de bereiding van bakkerijproducten;;a Prodcom row names a product, which sits at L4 under its subgroup;same rule already applied to the Prodcom rows under Varia;0;
F-027;A-prodcom-level;C-298;MONBIO 4.0;Reststroom;Voedingsindustrie;169051.0;Dierlijk - vee > Vlees;3;Niet-eetbare ruwe slachtafvallen (Prodcom 101160);4;Niet-eetbare ruwe slachtafvallen;;a Prodcom row names a product, which sits at L4 under its subgroup;same rule already applied to the Prodcom rows under Varia;fix;if the name is a sum of things or sum of parts which already exist, this will almost always be a aggregate. This isn't a component which can be easily placed somewhere in the current commoditty ladder
F-028;A-prodcom-level;C-297;MONBIO 4.0;Reststroom;Voedingsindustrie;145498.0;Dierlijk - vee > Vlees;3;Rund-, schapen-, geiten- of varkensvet (Prodcom 101150);4;Rund-, schapen-, geiten- of varkensvet;;a Prodcom row names a product, which sits at L4 under its subgroup;same rule already applied to the Prodcom rows under Varia;fix;if the name is a sum of things or sum of parts which already exist, this will almost always be a aggregate. This isn't a component which can be easily placed somewhere in the current commoditty ladder
F-029;A-prodcom-level;C-483;MONBIO 3.0;Reststroom;Voedingsindustrie;142405.0;Dierlijk - vee > Vlees;3;Niet-eetbare ruwe slachtafvallen (Prodcom 101160);4;Niet-eetbare ruwe slachtafvallen;;a Prodcom row names a product, which sits at L4 under its subgroup;same rule already applied to the Prodcom rows under Varia;fix;if the name is a sum of things or sum of parts which already exist, this will almost always be a aggregate. This isn't a component which can be easily placed somewhere in the current commoditty ladder
F-030;A-prodcom-level;C-482;MONBIO 3.0;Reststroom;Voedingsindustrie;136457.0;Dierlijk - vee > Vlees;3;Rund-, schapen-, geiten- of varkensvet (Prodcom 101150);4;Rund-, schapen-, geiten- of varkensvet;;a Prodcom row names a product, which sits at L4 under its subgroup;same rule already applied to the Prodcom rows under Varia;fix;if the name is a sum of things or sum of parts which already exist, this will almost always be a aggregate. This isn't a component which can be easily placed somewhere in the current commoditty ladder
F-031;A-prodcom-level;C-397;MONBIO 4.0;Reststroom;Voedingsindustrie;134653.0;Plantaardig - akkerbouw > Granen;3;Bostel (brouwerijafval) en afvallen van branderijen (Prodcom 110520);4;Bostel (brouwerijafval) en afvallen van branderijen;;a Prodcom row names a product, which sits at L4 under its subgroup;same rule already applied to the Prodcom rows under Varia;0;
F-032;A-prodcom-level;C-345;MONBIO 4.0;Productievolume;Voedingsindustrie;129384.0;Dierlijk - vee > Melk;3;Mageremelk- en roompoeder (Prodcom 105121);4;Mageremelk- en roompoeder;;a Prodcom row names a product, which sits at L4 under its subgroup;same rule already applied to the Prodcom rows under Varia;0;
F-033;A-prodcom-level;C-535;MONBIO 3.0;Productievolume;Voedingsindustrie;126741.0;Dierlijk - vee > Melk;3;Mageremelk- en roompoeder (Prodcom 105121);4;Mageremelk- en roompoeder;;a Prodcom row names a product, which sits at L4 under its subgroup;same rule already applied to the Prodcom rows under Varia;0;
F-034;A-prodcom-level;C-525;MONBIO 3.0;Productievolume;Voedingsindustrie;116699.0;Plantaardig - akkerbouw > Oliehoudende gewassen;3;Andere plantaardige olien, ruw (Prodcom 104129);4;Andere plantaardige olien, ruw;;a Prodcom row names a product, which sits at L4 under its subgroup;same rule already applied to the Prodcom rows under Varia;0;
F-035;A-prodcom-level;C-590;MONBIO 3.0;Reststroom;Voedingsindustrie;113637.0;Plantaardig - akkerbouw > Granen;3;Bostel (brouwerijafval) en afvallen van branderijen (Prodcom 110520);4;Bostel (brouwerijafval) en afvallen van branderijen;;a Prodcom row names a product, which sits at L4 under its subgroup;same rule already applied to the Prodcom rows under Varia;0;
F-036;A-prodcom-level;C-554;MONBIO 3.0;Reststroom;Voedingsindustrie;111298.0;Plantaardig - akkerbouw > Suikerbieten en nijverheidsgewassen;3;Melasse (Prodcom 108114);4;Melasse;;a Prodcom row names a product, which sits at L4 under its subgroup;same rule already applied to the Prodcom rows under Varia;0;
F-037;A-prodcom-level;C-353;MONBIO 4.0;Productievolume;Voedingsindustrie;107662.0;Plantaardig - akkerbouw > Granen;3;Mengsels voor de bereiding van bakkerijproducten (Prodcom 106124);4;Mengsels voor de bereiding van bakkerijproducten;;a Prodcom row names a product, which sits at L4 under its subgroup;same rule already applied to the Prodcom rows under Varia;0;
F-038;A-prodcom-level;C-303;MONBIO 4.0;Productievolume;Voedingsindustrie;101373.0;Dierlijk - vee > Vlees;3;Worst van alle soorten, van vlees, van slachtafval of van bloed (Prodcom 101314);4;Worst van alle soorten, van vlees, van slachtafval of van bloed;;a Prodcom row names a product, which sits at L4 under its subgroup;same rule already applied to the Prodcom rows under Varia;fix;if the name is a sum of things or sum of parts which already exist, this will almost always be a aggregate. This isn't a component which can be easily placed somewhere in the current commoditty ladder
F-039;A-prodcom-level;C-348;MONBIO 4.0;Productievolume;Voedingsindustrie;101256.0;Dierlijk - vee > Melk;3;Kaas en wrongel (Prodcom 105140);4;Kaas en wrongel;;a Prodcom row names a product, which sits at L4 under its subgroup;same rule already applied to the Prodcom rows under Varia;0;
F-040;A-prodcom-level;C-511;MONBIO 3.0;Productievolume;Voedingsindustrie;100403.0;Plantaardig - tuinbouw > Fruit;3;Jam, vruchtengelei, vruchtenmoes en vruchtenpasta (Prodcom 103922);4;Jam, vruchtengelei, vruchtenmoes en vruchtenpasta;;a Prodcom row names a product, which sits at L4 under its subgroup;same rule already applied to the Prodcom rows under Varia;0;
F-041;A-prodcom-level;C-488;MONBIO 3.0;Productievolume;Voedingsindustrie;98710.0;Dierlijk - vee > Vlees;3;Worst van alle soorten, van vlees, van slachtafval of van bloed (Prodcom 101314);4;Worst van alle soorten, van vlees, van slachtafval of van bloed;;a Prodcom row names a product, which sits at L4 under its subgroup;same rule already applied to the Prodcom rows under Varia;fix;if the name is a sum of things or sum of parts which already exist, this will almost always be a aggregate. This isn't a component which can be easily placed somewhere in the current commoditty ladder
F-042;A-prodcom-level;C-548;MONBIO 3.0;Reststroom;Voedingsindustrie;98390.0;Plantaardig - akkerbouw > Granen;3;Gries, griesmeel en pellets van granen, n.e.g. (Prodcom 106132);4;Gries, griesmeel en pellets van granen, n.e.g.;;a Prodcom row names a product, which sits at L4 under its subgroup;same rule already applied to the Prodcom rows under Varia;0;
F-043;A-prodcom-level;C-322;MONBIO 4.0;Productievolume;Voedingsindustrie;94330.0;Plantaardig - tuinbouw > Fruit;3;Jam, vruchtengelei, vruchtenmoes en vruchtenpasta (Prodcom 103922);4;Jam, vruchtengelei, vruchtenmoes en vruchtenpasta;;a Prodcom row names a product, which sits at L4 under its subgroup;same rule already applied to the Prodcom rows under Varia;0;
F-044;A-prodcom-level;C-538;MONBIO 3.0;Productievolume;Voedingsindustrie;93967.0;Dierlijk - vee > Melk;3;Kaas en wrongel (Prodcom 105140);4;Kaas en wrongel;;a Prodcom row names a product, which sits at L4 under its subgroup;same rule already applied to the Prodcom rows under Varia;0;
F-045;A-prodcom-level;C-362;MONBIO 4.0;Reststroom;Voedingsindustrie;91958.0;Plantaardig - akkerbouw > Suikerbieten en nijverheidsgewassen;3;Melasse (Prodcom 108114);4;Melasse;;a Prodcom row names a product, which sits at L4 under its subgroup;same rule already applied to the Prodcom rows under Varia;0;
F-046;A-prodcom-level;C-357;MONBIO 4.0;Reststroom;Voedingsindustrie;85219.0;Plantaardig - akkerbouw > Granen;3;Gries, griesmeel en pellets van granen, n.e.g. (Prodcom 106132);4;Gries, griesmeel en pellets van granen, n.e.g.;;a Prodcom row names a product, which sits at L4 under its subgroup;same rule already applied to the Prodcom rows under Varia;0;
F-047;A-prodcom-level;C-508;MONBIO 3.0;Productievolume;Voedingsindustrie;83776.0;Plantaardig - tuinbouw > Groenten;3;Andere groenten, op andere wijze verduurzaamd dan in azijn of azijnzuur (dus NIET in azijn) (Prodcom 103917);4;Andere groenten, op andere wijze verduurzaamd dan in azijn of azijnzuur (dus NIET in azijn);;a Prodcom row names a product, which sits at L4 under its subgroup;same rule already applied to the Prodcom rows under Varia;0;
F-048;A-prodcom-level;C-295;MONBIO 4.0;Reststroom;Voedingsindustrie;82576.0;Dierlijk - vee > Vlees;3;Eetbare slachtafvallen van runderen, varkens, schapen, geiten en paarden, vers of gekoeld (Prodcom 101120);4;Eetbare slachtafvallen van runderen, varkens, schapen, geiten en paarden, vers of gekoeld;;a Prodcom row names a product, which sits at L4 under its subgroup;same rule already applied to the Prodcom rows under Varia;0;
F-049;A-prodcom-level;C-336;MONBIO 4.0;Productievolume;Voedingsindustrie;78866.0;Plantaardig - akkerbouw > Oliehoudende gewassen;3;Andere plantaardige olien, ruw (Prodcom 104129);4;Andere plantaardige olien, ruw;;a Prodcom row names a product, which sits at L4 under its subgroup;same rule already applied to the Prodcom rows under Varia;0;
F-050;A-prodcom-level;C-537;MONBIO 3.0;Productievolume;Voedingsindustrie;77043.0;Dierlijk - vee > Melk;3;Boter en zuivelpasta's (Prodcom 105130);4;Boter en zuivelpasta's;;a Prodcom row names a product, which sits at L4 under its subgroup;same rule already applied to the Prodcom rows under Varia;0;
F-051;A-prodcom-level;C-480;MONBIO 3.0;Reststroom;Voedingsindustrie;75397.0;Dierlijk - vee > Vlees;3;Eetbare slachtafvallen van runderen, varkens, schapen, geiten en paarden, vers of gekoeld (Prodcom 101120);4;Eetbare slachtafvallen van runderen, varkens, schapen, geiten en paarden, vers of gekoeld;;a Prodcom row names a product, which sits at L4 under its subgroup;same rule already applied to the Prodcom rows under Varia;fix;if the name is a sum of things or sum of parts which already exist, this will almost always be a aggregate. This isn't a component which can be easily placed somewhere in the current commoditty ladder
F-052;A-prodcom-level;C-347;MONBIO 4.0;Productievolume;Voedingsindustrie;75205.0;Dierlijk - vee > Melk;3;Boter en zuivelpasta's (Prodcom 105130);4;Boter en zuivelpasta's;;a Prodcom row names a product, which sits at L4 under its subgroup;same rule already applied to the Prodcom rows under Varia;0;
F-053;A-prodcom-level;C-319;MONBIO 4.0;Productievolume;Voedingsindustrie;72920.0;Plantaardig - tuinbouw > Groenten;3;Andere groenten, op andere wijze verduurzaamd dan in azijn of azijnzuur (dus NIET in azijn) (Prodcom 103917);4;Andere groenten, op andere wijze verduurzaamd dan in azijn of azijnzuur (dus NIET in azijn);;a Prodcom row names a product, which sits at L4 under its subgroup;same rule already applied to the Prodcom rows under Varia;0;
F-054;A-prodcom-level;C-375;MONBIO 4.0;Productievolume;Voedingsindustrie;58796.0;Dierlijk - vee > Eieren;3;Vogeleieren uit de schaal en eigeel, vers of verduurzaamd, ovoalbumine (Prodcom 108912);4;Vogeleieren uit de schaal en eigeel, vers of verduurzaamd, ovoalbumine;;a Prodcom row names a product, which sits at L4 under its subgroup;same rule already applied to the Prodcom rows under Varia;0;
F-055;A-prodcom-level;C-536;MONBIO 3.0;Productievolume;Voedingsindustrie;57067.0;Dierlijk - vee > Melk;3;Vollemelk- en roompoeder (Prodcom 105122);4;Vollemelk- en roompoeder;;a Prodcom row names a product, which sits at L4 under its subgroup;same rule already applied to the Prodcom rows under Varia;0;
F-056;A-prodcom-level;C-568;MONBIO 3.0;Productievolume;Voedingsindustrie;53811.0;Dierlijk - vee > Eieren;3;Vogeleieren uit de schaal en eigeel, vers of verduurzaamd, ovoalbumine (Prodcom 108912);4;Vogeleieren uit de schaal en eigeel, vers of verduurzaamd, ovoalbumine;;a Prodcom row names a product, which sits at L4 under its subgroup;same rule already applied to the Prodcom rows under Varia;0;
F-057;A-prodcom-level;C-481;MONBIO 3.0;Reststroom;Voedingsindustrie;53704.0;Dierlijk - vee > Vlees;3;Ander vlees en andere eetbare slachtafvallen, vers, gekoeld of bevroren (Prodcom 101139);4;Ander vlees en andere eetbare slachtafvallen, vers, gekoeld of bevroren;;a Prodcom row names a product, which sits at L4 under its subgroup;same rule already applied to the Prodcom rows under Varia;0;
F-058;A-prodcom-level;C-296;MONBIO 4.0;Reststroom;Voedingsindustrie;49893.0;Dierlijk - vee > Vlees;3;Ander vlees en andere eetbare slachtafvallen, vers, gekoeld of bevroren (Prodcom 101139);4;Ander vlees en andere eetbare slachtafvallen, vers, gekoeld of bevroren;;a Prodcom row names a product, which sits at L4 under its subgroup;same rule already applied to the Prodcom rows under Varia;0;
F-059;A-prodcom-level;C-339;MONBIO 4.0;Productievolume;Voedingsindustrie;34401.0;Plantaardig - akkerbouw > Oliehoudende gewassen;3;Andere olien en fracties daarvan, geraffineerd (Prodcom 104159);4;Andere olien en fracties daarvan, geraffineerd;;a Prodcom row names a product, which sits at L4 under its subgroup;same rule already applied to the Prodcom rows under Varia;0;
F-060;A-prodcom-level;C-529;MONBIO 3.0;Productievolume;Voedingsindustrie;34401.0;Plantaardig - akkerbouw > Oliehoudende gewassen;3;Andere olien en fracties daarvan, geraffineerd (Prodcom 104159);4;Andere olien en fracties daarvan, geraffineerd;;a Prodcom row names a product, which sits at L4 under its subgroup;same rule already applied to the Prodcom rows under Varia;0;
F-061;A-prodcom-level;C-346;MONBIO 4.0;Productievolume;Voedingsindustrie;33513.0;Dierlijk - vee > Melk;3;Vollemelk- en roompoeder (Prodcom 105122);4;Vollemelk- en roompoeder;;a Prodcom row names a product, which sits at L4 under its subgroup;same rule already applied to the Prodcom rows under Varia;0;
F-062;A-prodcom-level;C-543;MONBIO 3.0;Productievolume;Voedingsindustrie;32705.0;Plantaardig - akkerbouw > Granen;3;Meel van andere granen (Prodcom 106122);4;Meel van andere granen;;a Prodcom row names a product, which sits at L4 under its subgroup;same rule already applied to the Prodcom rows under Varia;0;
F-063;A-prodcom-level;C-510;MONBIO 3.0;Productievolume;Voedingsindustrie;31998.0;Plantaardig - tuinbouw > Fruit;3;Vruchten en noten, ook indien gestoomd of in water gekookt, bevroren (Prodcom 103921);4;Vruchten en noten, ook indien gestoomd of in water gekookt, bevroren;;a Prodcom row names a product, which sits at L4 under its subgroup;same rule already applied to the Prodcom rows under Varia;0;
F-064;A-prodcom-level;C-352;MONBIO 4.0;Productievolume;Voedingsindustrie;30630.0;Plantaardig - akkerbouw > Granen;3;Meel van andere granen (Prodcom 106122);4;Meel van andere granen;;a Prodcom row names a product, which sits at L4 under its subgroup;same rule already applied to the Prodcom rows under Varia;0;
F-065;A-prodcom-level;C-321;MONBIO 4.0;Productievolume;Voedingsindustrie;30595.0;Plantaardig - tuinbouw > Fruit;3;Vruchten en noten, ook indien gestoomd of in water gekookt, bevroren (Prodcom 103921);4;Vruchten en noten, ook indien gestoomd of in water gekookt, bevroren;;a Prodcom row names a product, which sits at L4 under its subgroup;same rule already applied to the Prodcom rows under Varia;0;
F-066;A-prodcom-level;C-323;MONBIO 4.0;Productievolume;Voedingsindustrie;28103.0;Plantaardig - tuinbouw > Fruit;3;Andere bereide, gedroogde of verduurzaamde vruchten (Prodcom 103929);4;Andere bereide, gedroogde of verduurzaamde vruchten;;a Prodcom row names a product, which sits at L4 under its subgroup;same rule already applied to the Prodcom rows under Varia;0;
F-067;A-prodcom-level;C-512;MONBIO 3.0;Productievolume;Voedingsindustrie;26335.0;Plantaardig - tuinbouw > Fruit;3;Andere bereide, gedroogde of verduurzaamde vruchten (Prodcom 103929);4;Andere bereide, gedroogde of verduurzaamde vruchten;;a Prodcom row names a product, which sits at L4 under its subgroup;same rule already applied to the Prodcom rows under Varia;0;
F-068;A-prodcom-level;C-496;MONBIO 3.0;Productievolume;Voedingsindustrie;20490.0;Dierlijk - vis > Vis;3;Vis, op andere wijze bereid of verduurzaamd (Prodcom 102025);4;Vis, op andere wijze bereid of verduurzaamd;;a Prodcom row names a product, which sits at L4 under its subgroup;same rule already applied to the Prodcom rows under Varia;0;
F-069;A-prodcom-level;C-310;MONBIO 4.0;Productievolume;Voedingsindustrie;20169.0;Dierlijk - vis > Vis;3;Vis, op andere wijze bereid of verduurzaamd (Prodcom 102025);4;Vis, op andere wijze bereid of verduurzaamd;;a Prodcom row names a product, which sits at L4 under its subgroup;same rule already applied to the Prodcom rows under Varia;0;
F-070;A-prodcom-level;C-309;MONBIO 4.0;Productievolume;Voedingsindustrie;11591.0;Dierlijk - vis > Vis;3;Visfilets en ander visvlees, vers of gekoeld (Prodcom 102011);4;Visfilets en ander visvlees, vers of gekoeld;;a Prodcom row names a product, which sits at L4 under its subgroup;same rule already applied to the Prodcom rows under Varia;0;
F-071;A-prodcom-level;C-494;MONBIO 3.0;Productievolume;Voedingsindustrie;11082.0;Dierlijk - vis > Vis;3;Visfilets en ander visvlees, vers of gekoeld (Prodcom 102011);4;Visfilets en ander visvlees, vers of gekoeld;;a Prodcom row names a product, which sits at L4 under its subgroup;same rule already applied to the Prodcom rows under Varia;0;
F-072;A-prodcom-level;C-495;MONBIO 3.0;Productievolume;Voedingsindustrie;3948.0;Dierlijk - vis > Vis;3;Gerookte vis, filets daaronder begrepen (Prodcom 102024);4;Gerookte vis, filets daaronder begrepen;;a Prodcom row names a product, which sits at L4 under its subgroup;same rule already applied to the Prodcom rows under Varia;0;
F-073;A-prodcom-level;C-302;MONBIO 4.0;Productievolume;Voedingsindustrie;1061.0;Dierlijk - vee > Vlees;3;Ander vlees en eetbare slachtafval, gezouten, gepekeld, gedroogd of gerookt (Prodcom 101313);4;Ander vlees en eetbare slachtafval, gezouten, gepekeld, gedroogd of gerookt;;a Prodcom row names a product, which sits at L4 under its subgroup;same rule already applied to the Prodcom rows under Varia;0;
F-074;A-prodcom-level;C-487;MONBIO 3.0;Productievolume;Voedingsindustrie;973.0;Dierlijk - vee > Vlees;3;Ander vlees en eetbare slachtafval, gezouten, gepekeld, gedroogd of gerookt (Prodcom 101313);4;Ander vlees en eetbare slachtafval, gezouten, gepekeld, gedroogd of gerookt;;a Prodcom row names a product, which sits at L4 under its subgroup;same rule already applied to the Prodcom rows under Varia;0;
F-075;A-prodcom-level;C-540;MONBIO 3.0;Productievolume;Voedingsindustrie;79.0;Dierlijk - vee > Melk;3;Yoghurt en andere gegiste of aangezuurde melk of room (Prodcom 105152);4;Yoghurt en andere gegiste of aangezuurde melk of room;;a Prodcom row names a product, which sits at L4 under its subgroup;same rule already applied to the Prodcom rows under Varia;0;
F-076;B-level-mismatch;C-468;MONBIO 3.0;Productievolume;Voedingsindustrie;2248000.0;Aggregaat;3;AGGREGAAT - Vervaardiging van maalderijproducten, zetmeelproducten, bakkerijproducten en deegwaren, productie hoofdstromen;2;;;level_1to5 must be the row's own commodity depth, not the level it totals;"deepest filled column is L2; the totalled level lives in aggregate_coverage.totals_level";fix;why at level 2 suddenly, if all things it aggregate are L3 entrees under L2 entree varia + its not like it captures even all L3 entrees within L2 varia
F-077;B-level-mismatch;C-283;MONBIO 4.0;Productievolume;Voedingsindustrie;2102000.0;Aggregaat;3;AGGREGAAT - Vervaardiging van maalderijproducten, zetmeelproducten, bakkerijproducten en deegwaren, productie hoofdstromen;2;;;level_1to5 must be the row's own commodity depth, not the level it totals;"deepest filled column is L2; the totalled level lives in aggregate_coverage.totals_level";fix;why at level 2 suddenly, if all things it aggregate are L3 entrees under L2 entree varia + its not like it captures even all L3 entrees within L2 varia
F-078;B-level-mismatch;C-285;MONBIO 4.0;Productievolume;Voedingsindustrie;1476000.0;Aggregaat;3;AGGREGAAT - Vervaardiging van suiker en chocolade, productie hoofdstromen;2;;;level_1to5 must be the row's own commodity depth, not the level it totals;"deepest filled column is L2; the totalled level lives in aggregate_coverage.totals_level";fix;why at level 2 suddenly, if all things it aggregate are L3 entrees under L2 entree varia + its not like it captures even all L3 entrees within L2 varia
F-079;B-level-mismatch;C-470;MONBIO 3.0;Productievolume;Voedingsindustrie;1356000.0;Aggregaat;3;AGGREGAAT - Vervaardiging van suiker en chocolade, productie hoofdstromen;2;;;level_1to5 must be the row's own commodity depth, not the level it totals;"deepest filled column is L2; the totalled level lives in aggregate_coverage.totals_level";fix;why at level 2 suddenly, if all things it aggregate are L3 entrees under L2 entree varia + its not like it captures even all L3 entrees within L2 varia
F-080;B-level-mismatch;C-383;MONBIO 4.0;Productievolume;Voedingsindustrie;900000.0;Varia > Chocolade;4;AGGREGAAT - Chocolade, Vlaamse productie (schatting);3;;;level_1to5 must be the row's own commodity depth, not the level it totals;"deepest filled column is L3; the totalled level lives in aggregate_coverage.totals_level";ok;
F-081;B-level-mismatch;C-576;MONBIO 3.0;Productievolume;Voedingsindustrie;800000.0;Varia > Chocolade;4;AGGREGAAT - Chocolade, Vlaamse productie (schatting);3;;;level_1to5 must be the row's own commodity depth, not the level it totals;"deepest filled column is L3; the totalled level lives in aggregate_coverage.totals_level";ok;
F-082;B-level-mismatch;C-284;MONBIO 4.0;Reststroom;Voedingsindustrie;671000.0;Aggregaat;3;AGGREGAAT - Vervaardiging van maalderijproducten, zetmeelproducten, bakkerijproducten en deegwaren, productie nevenstromen en productieresiduen;2;;;level_1to5 must be the row's own commodity depth, not the level it totals;"deepest filled column is L2; the totalled level lives in aggregate_coverage.totals_level";fix;why at level 2 suddenly, if all things it aggregate are L3 entrees under L2 entree varia + its not like it captures even all L3 entrees within L2 varia
F-083;B-level-mismatch;C-469;MONBIO 3.0;Reststroom;Voedingsindustrie;563000.0;Aggregaat;3;AGGREGAAT - Vervaardiging van maalderijproducten, zetmeelproducten, bakkerijproducten en deegwaren, productie nevenstromen en productieresiduen;2;;;level_1to5 must be the row's own commodity depth, not the level it totals;"deepest filled column is L2; the totalled level lives in aggregate_coverage.totals_level";fix;why at level 2 suddenly, if all things it aggregate are L3 entrees under L2 entree varia + its not like it captures even all L3 entrees within L2 varia
F-084;B-level-mismatch;C-286;MONBIO 4.0;Reststroom;Voedingsindustrie;403000.0;Aggregaat;3;AGGREGAAT - Vervaardiging van suiker en chocolade, productie nevenstromen en productieresiduen;2;;;level_1to5 must be the row's own commodity depth, not the level it totals;"deepest filled column is L2; the totalled level lives in aggregate_coverage.totals_level";fix;why at level 2 suddenly, if all things it aggregate are L3 entrees under L2 entree varia + its not like it captures even all L3 entrees within L2 varia
F-085;B-level-mismatch;C-471;MONBIO 3.0;Reststroom;Voedingsindustrie;394000.0;Aggregaat;3;AGGREGAAT - Vervaardiging van suiker en chocolade, productie nevenstromen en productieresiduen;2;;;level_1to5 must be the row's own commodity depth, not the level it totals;"deepest filled column is L2; the totalled level lives in aggregate_coverage.totals_level";fix;why at level 2 suddenly, if all things it aggregate are L3 entrees under L2 entree varia + its not like it captures even all L3 entrees within L2 varia
F-086;B-level-mismatch;C-097;OVAM Monitor voedselverlies 2023;Reststroom;Voedingsindustrie;191054.0;Aggregaat;3;AGGREGAAT - Voedselreststromen Suiker, chocolade, bereide maaltijden, enz. (voedingsindustrie);2;;;level_1to5 must be the row's own commodity depth, not the level it totals;"deepest filled column is L2; the totalled level lives in aggregate_coverage.totals_level";fix;why at level 2 suddenly, if all things it aggregate are L3 entrees under L2 entree varia + its not like it captures even all L3 entrees within L2 varia
F-087;B-level-mismatch;C-099;OVAM Monitor voedselverlies 2023;Reststroom;Voedingsindustrie;167446.0;Aggregaat;3;AGGREGAAT - Voedselreststromen Deegwaren, dieetvoeding, zetmeel, maalderijen (voedingsindustrie);2;;;level_1to5 must be the row's own commodity depth, not the level it totals;"deepest filled column is L2; the totalled level lives in aggregate_coverage.totals_level";fix;why at level 2 suddenly, if all things it aggregate are L3 entrees under L2 entree varia + its not like it captures even all L3 entrees within L2 varia
F-088;B-level-mismatch;C-198;OVAM Monitor voedselverlies 2020;Reststroom;Voedingsindustrie;130271.0;Aggregaat;3;AGGREGAAT - Voedselreststromen voedingsindustrie - Suiker, chocolade, bereide maaltijden, enz.;2;;;level_1to5 must be the row's own commodity depth, not the level it totals;"deepest filled column is L2; the totalled level lives in aggregate_coverage.totals_level";fix;why at level 2 suddenly, if all things it aggregate are L3 entrees under L2 entree varia + its not like it captures even all L3 entrees within L2 varia
F-089;B-level-mismatch;C-199;OVAM Monitor voedselverlies 2020;Reststroom;Voedingsindustrie;78995.0;Aggregaat;3;AGGREGAAT - Voedselreststromen voedingsindustrie - Deegwaren, dieetvoeding, zetmeel, maalderijen;2;;;level_1to5 must be the row's own commodity depth, not the level it totals;"deepest filled column is L2; the totalled level lives in aggregate_coverage.totals_level";fix;why at level 2 suddenly, if all things it aggregate are L3 entrees under L2 entree varia + its not like it captures even all L3 entrees within L2 varia
F-090;C-unmarked-total;C-420;MONBIO 3.0;Reststroom;Primaire productie;1692158.0;Plantaardig - akkerbouw > Granen;3;Nevenstromen en productieresiduen Granen voor de korrel (plantaardige landbouw);;;AGGREGAAT - Nevenstromen en productieresiduen Granen voor de korrel (plantaardige landbouw);a per-gewasgroep total of the fraction rows beneath it, so it must not sum with them;fractions beneath sum to 1,692,157 against 1,692,158 - EXACT;ok;
F-091;C-unmarked-total;C-239;MONBIO 4.0;Reststroom;Primaire productie;1590919.0;Plantaardig - akkerbouw > Granen;3;Nevenstromen en productieresiduen Granen voor de korrel (plantaardige landbouw);;;AGGREGAAT - Nevenstromen en productieresiduen Granen voor de korrel (plantaardige landbouw);a per-gewasgroep total of the fraction rows beneath it, so it must not sum with them;fractions beneath sum to 1,590,919 against 1,590,919 - EXACT;ok;
F-092;C-unmarked-total;C-421;MONBIO 3.0;Reststroom;Primaire productie;1264364.0;Plantaardig - akkerbouw > Suiker- en zetmeelgewassen;3;Nevenstromen en productieresiduen Suiker- en zetmeelgewassen (plantaardige landbouw);;;AGGREGAAT - Nevenstromen en productieresiduen Suiker- en zetmeelgewassen (plantaardige landbouw);a per-gewasgroep total of the fraction rows beneath it, so it must not sum with them;fractions live under a DIFFERENT L3 (MONBIO's gewasgroepen cut across the OVAM subgroups): C-428 800,480 + C-429 463,884 = 1,264,364 - EXACT;ok;explain this in more detail, what do you mean by monbio gewasgroepen cut across OVAM subgroups, give an example, and does this have impact?
F-093;C-unmarked-total;C-240;MONBIO 4.0;Reststroom;Primaire productie;1207169.0;Plantaardig - akkerbouw > Suiker- en zetmeelgewassen;3;Nevenstromen en productieresiduen Suiker- en zetmeelgewassen (plantaardige landbouw);;;AGGREGAAT - Nevenstromen en productieresiduen Suiker- en zetmeelgewassen (plantaardige landbouw);a per-gewasgroep total of the fraction rows beneath it, so it must not sum with them;fractions live under a DIFFERENT L3 (MONBIO's gewasgroepen cut across the OVAM subgroups): C-247 744,945 + C-248 462,224 = 1,207,169 - EXACT;ok;explain this in more detail, what do you mean by monbio gewasgroepen cut across OVAM subgroups, give an example, and does this have impact?
F-094;C-unmarked-total;C-241;MONBIO 4.0;Reststroom;Primaire productie;602856.0;Plantaardig - tuinbouw > Groenten;3;Nevenstromen en productieresiduen Groenten (plantaardige landbouw);;;AGGREGAAT - Nevenstromen en productieresiduen Groenten (plantaardige landbouw);a per-gewasgroep total of the fraction rows beneath it, so it must not sum with them;fractions beneath sum to 460,636 against 602,856 - partial, the rest is not captured;ok;
F-095;C-unmarked-total;C-422;MONBIO 3.0;Reststroom;Primaire productie;555201.0;Plantaardig - tuinbouw > Groenten;3;Nevenstromen en productieresiduen Groenten (plantaardige landbouw);;;AGGREGAAT - Nevenstromen en productieresiduen Groenten (plantaardige landbouw);a per-gewasgroep total of the fraction rows beneath it, so it must not sum with them;fractions beneath sum to 413,706 against 555,201 - partial, the rest is not captured;ok;
F-096;C-unmarked-total;C-242;MONBIO 4.0;Reststroom;Primaire productie;101780.0;Plantaardig - akkerbouw > Voedergewassen;3;Nevenstromen en productieresiduen Voedergewassen (plantaardige landbouw);;;AGGREGAAT - Nevenstromen en productieresiduen Voedergewassen (plantaardige landbouw);a per-gewasgroep total of the fraction rows beneath it, so it must not sum with them;"no fractions captured beneath it, under this L3 or any other; it is still a group total by construction and must not sum with its parent";ok;will be a subset of L3's under L2 plantaardig-akkerbouw
F-097;C-unmarked-total;C-423;MONBIO 3.0;Reststroom;Primaire productie;90551.0;Plantaardig - akkerbouw > Voedergewassen;3;Nevenstromen en productieresiduen Voedergewassen (plantaardige landbouw);;;AGGREGAAT - Nevenstromen en productieresiduen Voedergewassen (plantaardige landbouw);a per-gewasgroep total of the fraction rows beneath it, so it must not sum with them;"no fractions captured beneath it, under this L3 or any other; it is still a group total by construction and must not sum with its parent";ok;will be a subset of L3's under L2 plantaardig-akkerbouw
F-098;C-unmarked-total;C-424;MONBIO 3.0;Reststroom;Primaire productie;56987.0;Plantaardig - akkerbouw > Industriele gewassen;3;Nevenstromen en productieresiduen Industriele gewassen (plantaardige landbouw);;;AGGREGAAT - Nevenstromen en productieresiduen Industriele gewassen (plantaardige landbouw);a per-gewasgroep total of the fraction rows beneath it, so it must not sum with them;"no fractions captured beneath it, under this L3 or any other; it is still a group total by construction and must not sum with its parent";ok;will be a subset of L3's under L2 plantaardig-akkerbouw
F-099;C-unmarked-total;C-243;MONBIO 4.0;Reststroom;Primaire productie;55065.0;Plantaardig - akkerbouw > Industriele gewassen;3;Nevenstromen en productieresiduen Industriele gewassen (plantaardige landbouw);;;AGGREGAAT - Nevenstromen en productieresiduen Industriele gewassen (plantaardige landbouw);a per-gewasgroep total of the fraction rows beneath it, so it must not sum with them;"no fractions captured beneath it, under this L3 or any other; it is still a group total by construction and must not sum with its parent";ok;will be a subset of L3's under L2 plantaardig-akkerbouw
F-100;C-unmarked-total;C-425;MONBIO 3.0;Reststroom;Primaire productie;48219.0;Plantaardig - akkerbouw > Peulvruchten en eiwitgewassen;3;Nevenstromen en productieresiduen Peulvruchten (plantaardige landbouw);;;AGGREGAAT - Nevenstromen en productieresiduen Peulvruchten (plantaardige landbouw);a per-gewasgroep total of the fraction rows beneath it, so it must not sum with them;"no fractions captured beneath it, under this L3 or any other; it is still a group total by construction and must not sum with its parent";ok;will be a subset of L3's under L2 plantaardig-akkerbouw
F-101;C-unmarked-total;C-244;MONBIO 4.0;Reststroom;Primaire productie;46542.0;Plantaardig - akkerbouw > Peulvruchten en eiwitgewassen;3;Nevenstromen en productieresiduen Peulvruchten (plantaardige landbouw);;;AGGREGAAT - Nevenstromen en productieresiduen Peulvruchten (plantaardige landbouw);a per-gewasgroep total of the fraction rows beneath it, so it must not sum with them;"no fractions captured beneath it, under this L3 or any other; it is still a group total by construction and must not sum with its parent";ok;will be a subset of L3's under L2 plantaardig-akkerbouw
F-102;C-unmarked-total;C-245;MONBIO 4.0;Reststroom;Primaire productie;7818.0;Plantaardig - akkerbouw > Oliehoudende gewassen;3;Nevenstromen en productieresiduen Oliehoudende gewassen (plantaardige landbouw);;;AGGREGAAT - Nevenstromen en productieresiduen Oliehoudende gewassen (plantaardige landbouw);a per-gewasgroep total of the fraction rows beneath it, so it must not sum with them;fractions beneath sum to 7,818 against 7,818 - EXACT;ok;
F-103;C-unmarked-total;C-426;MONBIO 3.0;Reststroom;Primaire productie;5931.0;Plantaardig - akkerbouw > Oliehoudende gewassen;3;Nevenstromen en productieresiduen Oliehoudende gewassen (plantaardige landbouw);;;AGGREGAAT - Nevenstromen en productieresiduen Oliehoudende gewassen (plantaardige landbouw);a per-gewasgroep total of the fraction rows beneath it, so it must not sum with them;fractions beneath sum to 5,931 against 5,931 - EXACT;ok;
