fix_id;rule;claim_id;source_short;L1_role;chain_L2;volume_t_per_yr;current_path;current_name;SET_L2_commodity_group;SET_L3_commodity_subgroup;SET_L4_ingredient;SET_level_1to5;SET_stream_name_NL;why;confidence;DECISION_fix;
G-001;review-fix -> aggregate;C-356;MONBIO 4.0;Productievolume;Voedingsindustrie;584402.0;Varia > Zetmeel en zetmeelproducten > Glucose en glucosestroop, fructose en fructosestroop, invertsuiker;Glucose en glucosestroop, fructose en fructosestroop, invertsuiker (Prodcom 106213);Varia;Suiker;;3;AGGREGAAT - Glucose en glucosestroop, fructose en fructosestroop, invertsuiker (Prodcom 106213);glucose, fructose and invertsuiker are sugars, NOT starch - they belong under a new L3 Suiker, and the row is their aggregate;high;ok;
G-002;review-fix -> aggregate;C-365;MONBIO 4.0;Productievolume;Voedingsindustrie;554394.0;Varia > Chocolade > Chocolade en andere cacaobevattende bereidingen, in grote verpakkingen;Chocolade en andere cacaobevattende bereidingen, in grote verpakkingen (Prodcom 108221);Varia;Chocolade;;3;AGGREGAAT - Chocolade en andere cacaobevattende bereidingen, in grote verpakkingen (Prodcom 108221);aggregate within L3 Chocolade over the cacao products;high;ok;
G-003;review-fix -> aggregate;C-547;MONBIO 3.0;Productievolume;Voedingsindustrie;533398.0;Varia > Zetmeel en zetmeelproducten > Glucose en glucosestroop, fructose en fructosestroop, invertsuiker;Glucose en glucosestroop, fructose en fructosestroop, invertsuiker (Prodcom 106213);Varia;Suiker;;3;AGGREGAAT - Glucose en glucosestroop, fructose en fructosestroop, invertsuiker (Prodcom 106213);as C-356;high;ok;
G-004;review-fix -> aggregate;C-558;MONBIO 3.0;Productievolume;Voedingsindustrie;467869.0;Varia > Chocolade > Chocolade en andere cacaobevattende bereidingen, in grote verpakkingen;Chocolade en andere cacaobevattende bereidingen, in grote verpakkingen (Prodcom 108221);Varia;Chocolade;;3;AGGREGAAT - Chocolade en andere cacaobevattende bereidingen, in grote verpakkingen (Prodcom 108221);as C-365;high;ok;
G-005;review-fix -> aggregate;C-355;MONBIO 4.0;Productievolume;Voedingsindustrie;395773.0;Varia > Zetmeel en zetmeelproducten > Zetmeel, inuline, tarwegluten, dextrine en ander gewijzigd zetmeel;Zetmeel, inuline, tarwegluten, dextrine en ander gewijzigd zetmeel (Prodcom 106211);Varia;Zetmeel en zetmeelproducten;;3;AGGREGAAT - Zetmeel, inuline, tarwegluten, dextrine en ander gewijzigd zetmeel (Prodcom 106211);zetmeel, inuline, tarwegluten and dextrine are each L4 under this L3, so the row is their aggregate;high;ok;
G-006;review-fix -> aggregate;C-546;MONBIO 3.0;Productievolume;Voedingsindustrie;363337.0;Varia > Zetmeel en zetmeelproducten > Zetmeel, inuline, tarwegluten, dextrine en ander gewijzigd zetmeel;Zetmeel, inuline, tarwegluten, dextrine en ander gewijzigd zetmeel (Prodcom 106211);Varia;Zetmeel en zetmeelproducten;;3;AGGREGAAT - Zetmeel, inuline, tarwegluten, dextrine en ander gewijzigd zetmeel (Prodcom 106211);as C-355;high;ok;
G-007;review-fix -> L4;C-550;MONBIO 3.0;Reststroom;Voedingsindustrie;284549.0;Varia > Zetmeel en zetmeelproducten > Afvallen van zetmeelfabrieken en dergelijke afvallen;Afvallen van zetmeelfabrieken en dergelijke afvallen (Prodcom 106220);Varia;Zetmeel en zetmeelproducten;Zetmeel;4;;the waste figure belonging to L4 Zetmeel;high;ok;
G-008;B - give the row its real L2;C-468;MONBIO 3.0;Productievolume;Voedingsindustrie;2248000.0;Aggregaat;AGGREGAAT - Vervaardiging van maalderijproducten, zetmeelproducten, bakkerijproducten en deegwaren, productie hoofdstromen;Varia;;;2;;"it sits at L2 under Varia and totals L3 entries; 'Aggregaat' was a placeholder L2. level 2 = where the row sits; what it totals stays in aggregate_coverage.totals_level";high;ok;
G-009;B - give the row its real L2;C-283;MONBIO 4.0;Productievolume;Voedingsindustrie;2102000.0;Aggregaat;AGGREGAAT - Vervaardiging van maalderijproducten, zetmeelproducten, bakkerijproducten en deegwaren, productie hoofdstromen;Varia;;;2;;"it sits at L2 under Varia and totals L3 entries; 'Aggregaat' was a placeholder L2. level 2 = where the row sits; what it totals stays in aggregate_coverage.totals_level";high;ok;
G-010;B - give the row its real L2;C-285;MONBIO 4.0;Productievolume;Voedingsindustrie;1476000.0;Aggregaat;AGGREGAAT - Vervaardiging van suiker en chocolade, productie hoofdstromen;Varia;;;2;;"it sits at L2 under Varia and totals L3 entries; 'Aggregaat' was a placeholder L2. level 2 = where the row sits; what it totals stays in aggregate_coverage.totals_level";high;ok;
G-011;B - give the row its real L2;C-470;MONBIO 3.0;Productievolume;Voedingsindustrie;1356000.0;Aggregaat;AGGREGAAT - Vervaardiging van suiker en chocolade, productie hoofdstromen;Varia;;;2;;"it sits at L2 under Varia and totals L3 entries; 'Aggregaat' was a placeholder L2. level 2 = where the row sits; what it totals stays in aggregate_coverage.totals_level";high;ok;
G-012;B - give the row its real L2;C-284;MONBIO 4.0;Reststroom;Voedingsindustrie;671000.0;Aggregaat;AGGREGAAT - Vervaardiging van maalderijproducten, zetmeelproducten, bakkerijproducten en deegwaren, productie nevenstromen en productieresiduen;Varia;;;2;;"it sits at L2 under Varia and totals L3 entries; 'Aggregaat' was a placeholder L2. level 2 = where the row sits; what it totals stays in aggregate_coverage.totals_level";high;ok;
G-013;B - give the row its real L2;C-469;MONBIO 3.0;Reststroom;Voedingsindustrie;563000.0;Aggregaat;AGGREGAAT - Vervaardiging van maalderijproducten, zetmeelproducten, bakkerijproducten en deegwaren, productie nevenstromen en productieresiduen;Varia;;;2;;"it sits at L2 under Varia and totals L3 entries; 'Aggregaat' was a placeholder L2. level 2 = where the row sits; what it totals stays in aggregate_coverage.totals_level";high;ok;
G-014;B - give the row its real L2;C-286;MONBIO 4.0;Reststroom;Voedingsindustrie;403000.0;Aggregaat;AGGREGAAT - Vervaardiging van suiker en chocolade, productie nevenstromen en productieresiduen;Varia;;;2;;"it sits at L2 under Varia and totals L3 entries; 'Aggregaat' was a placeholder L2. level 2 = where the row sits; what it totals stays in aggregate_coverage.totals_level";high;ok;
G-015;B - give the row its real L2;C-471;MONBIO 3.0;Reststroom;Voedingsindustrie;394000.0;Aggregaat;AGGREGAAT - Vervaardiging van suiker en chocolade, productie nevenstromen en productieresiduen;Varia;;;2;;"it sits at L2 under Varia and totals L3 entries; 'Aggregaat' was a placeholder L2. level 2 = where the row sits; what it totals stays in aggregate_coverage.totals_level";high;ok;
G-016;B - give the row its real L2;C-097;OVAM Monitor voedselverlies 2023;Reststroom;Voedingsindustrie;191054.0;Aggregaat;AGGREGAAT - Voedselreststromen Suiker, chocolade, bereide maaltijden, enz. (voedingsindustrie);Varia;;;2;;"it sits at L2 under Varia and totals L3 entries; 'Aggregaat' was a placeholder L2. level 2 = where the row sits; what it totals stays in aggregate_coverage.totals_level";high;ok;
G-017;B - give the row its real L2;C-099;OVAM Monitor voedselverlies 2023;Reststroom;Voedingsindustrie;167446.0;Aggregaat;AGGREGAAT - Voedselreststromen Deegwaren, dieetvoeding, zetmeel, maalderijen (voedingsindustrie);Varia;;;2;;"it sits at L2 under Varia and totals L3 entries; 'Aggregaat' was a placeholder L2. level 2 = where the row sits; what it totals stays in aggregate_coverage.totals_level";high;ok;
G-018;B - give the row its real L2;C-198;OVAM Monitor voedselverlies 2020;Reststroom;Voedingsindustrie;130271.0;Aggregaat;AGGREGAAT - Voedselreststromen voedingsindustrie - Suiker, chocolade, bereide maaltijden, enz.;Varia;;;2;;"it sits at L2 under Varia and totals L3 entries; 'Aggregaat' was a placeholder L2. level 2 = where the row sits; what it totals stays in aggregate_coverage.totals_level";high;ok;
G-019;B - give the row its real L2;C-199;OVAM Monitor voedselverlies 2020;Reststroom;Voedingsindustrie;78995.0;Aggregaat;AGGREGAAT - Voedselreststromen voedingsindustrie - Deegwaren, dieetvoeding, zetmeel, maalderijen;Varia;;;2;;"it sits at L2 under Varia and totals L3 entries; 'Aggregaat' was a placeholder L2. level 2 = where the row sits; what it totals stays in aggregate_coverage.totals_level";high;ok;
G-020;A -> aggregate (collection, not a product);C-532;MONBIO 3.0;Reststroom;Voedingsindustrie;1349271.0;Plantaardig - akkerbouw > Oliehoudende gewassen;Perskoeken en andere vaste afvallen van plantaardige olien en vetten (Prodcom 104141);;;;;AGGREGAAT - Perskoeken en andere vaste afvallen van plantaardige olien en vetten (Prodcom 104141);residual bucket: 'en andere vaste afvallen';high;ok;
G-021;A -> aggregate (collection, not a product);C-342;MONBIO 4.0;Reststroom;Voedingsindustrie;1019363.0;Plantaardig - akkerbouw > Oliehoudende gewassen;Perskoeken en andere vaste afvallen van plantaardige olien en vetten (Prodcom 104141);;;;;AGGREGAAT - Perskoeken en andere vaste afvallen van plantaardige olien en vetten (Prodcom 104141);residual bucket: 'en andere vaste afvallen';high;ok;
G-022;A -> aggregate (collection, not a product);C-555;MONBIO 3.0;Reststroom;Voedingsindustrie;661550.0;Plantaardig - akkerbouw > Suikerbieten en nijverheidsgewassen;Bietenpulp, uitgeperst suikerriet en andere afvallen van de suikerindustrie (Prodcom 108120);Varia;Suiker;;3;AGGREGAAT - Bietenpulp, uitgeperst suikerriet en andere afvallen van de suikerindustrie (Prodcom 108120);"residual bucket: 'en andere afvallen' · a sugar-industry residue; sits oddly beside an L4 of suikerbieten";medium;ok;
G-023;A -> aggregate (collection, not a product);C-549;MONBIO 3.0;Reststroom;Voedingsindustrie;278865.0;Plantaardig - akkerbouw > Granen;Zemelen, slijpsel en andere resten van het bewerken van granen (Prodcom 106140);;;;;AGGREGAAT - Zemelen, slijpsel en andere resten van het bewerken van granen (Prodcom 106140);residual bucket: 'en andere resten';high;ok;
G-024;A -> aggregate (collection, not a product);C-545;MONBIO 3.0;Productievolume;Voedingsindustrie;277749.0;Plantaardig - akkerbouw > Granen;Ontbijtgranen en andere graanproducten (Prodcom 106133);;;;;AGGREGAAT - Ontbijtgranen en andere graanproducten (Prodcom 106133);residual bucket: 'en andere graanproducten';high;ok;
G-025;A -> aggregate (collection, not a product);C-358;MONBIO 4.0;Reststroom;Voedingsindustrie;275849.0;Plantaardig - akkerbouw > Granen;Zemelen, slijpsel en andere resten van het bewerken van granen (Prodcom 106140);;;;;AGGREGAAT - Zemelen, slijpsel en andere resten van het bewerken van granen (Prodcom 106140);residual bucket: 'en andere resten';high;ok;
G-026;A -> aggregate (collection, not a product);C-354;MONBIO 4.0;Productievolume;Voedingsindustrie;262407.0;Plantaardig - akkerbouw > Granen;Ontbijtgranen en andere graanproducten (Prodcom 106133);;;;;AGGREGAAT - Ontbijtgranen en andere graanproducten (Prodcom 106133);residual bucket: 'en andere graanproducten';high;ok;
G-027;A -> aggregate (collection, not a product);C-489;MONBIO 3.0;Productievolume;Voedingsindustrie;234506.0;Dierlijk - vee > Vlees;Andere bereidingen en conserven, van vlees, van slachtafval of van bloed (Prodcom 101315);;;;;AGGREGAAT - Andere bereidingen en conserven, van vlees, van slachtafval of van bloed (Prodcom 101315);residual bucket: 'Andere ...';high;ok;
G-028;A -> aggregate (collection, not a product);C-304;MONBIO 4.0;Productievolume;Voedingsindustrie;227644.0;Dierlijk - vee > Vlees;Andere bereidingen en conserven, van vlees, van slachtafval of van bloed (Prodcom 101315);;;;;AGGREGAAT - Andere bereidingen en conserven, van vlees, van slachtafval of van bloed (Prodcom 101315);residual bucket: 'Andere ...';high;ok;
G-029;A -> aggregate (collection, not a product);C-298;MONBIO 4.0;Reststroom;Voedingsindustrie;169051.0;Dierlijk - vee > Vlees;Niet-eetbare ruwe slachtafvallen (Prodcom 101160);;;;;AGGREGAAT - Niet-eetbare ruwe slachtafvallen (Prodcom 101160);covers every inedible offal type, not one product;high;ok;
G-030;A -> aggregate (collection, not a product);C-297;MONBIO 4.0;Reststroom;Voedingsindustrie;145498.0;Dierlijk - vee > Vlees;Rund-, schapen-, geiten- of varkensvet (Prodcom 101150);;;;;AGGREGAAT - Rund-, schapen-, geiten- of varkensvet (Prodcom 101150);four species in one cell;high;ok;
G-031;A -> aggregate (collection, not a product);C-483;MONBIO 3.0;Reststroom;Voedingsindustrie;142405.0;Dierlijk - vee > Vlees;Niet-eetbare ruwe slachtafvallen (Prodcom 101160);;;;;AGGREGAAT - Niet-eetbare ruwe slachtafvallen (Prodcom 101160);covers every inedible offal type, not one product;high;ok;
G-032;A -> aggregate (collection, not a product);C-482;MONBIO 3.0;Reststroom;Voedingsindustrie;136457.0;Dierlijk - vee > Vlees;Rund-, schapen-, geiten- of varkensvet (Prodcom 101150);;;;;AGGREGAAT - Rund-, schapen-, geiten- of varkensvet (Prodcom 101150);four species in one cell;high;ok;
G-033;A -> aggregate (collection, not a product);C-397;MONBIO 4.0;Reststroom;Voedingsindustrie;134653.0;Plantaardig - akkerbouw > Granen;Bostel (brouwerijafval) en afvallen van branderijen (Prodcom 110520);;;;;AGGREGAAT - Bostel (brouwerijafval) en afvallen van branderijen (Prodcom 110520);brewery and distillery residues in one cell;high;ok;
G-034;A -> aggregate (collection, not a product);C-525;MONBIO 3.0;Productievolume;Voedingsindustrie;116699.0;Plantaardig - akkerbouw > Oliehoudende gewassen;Andere plantaardige olien, ruw (Prodcom 104129);;;;;AGGREGAAT - Andere plantaardige olien, ruw (Prodcom 104129);residual bucket: 'Andere ...';high;ok;
G-035;A -> aggregate (collection, not a product);C-590;MONBIO 3.0;Reststroom;Voedingsindustrie;113637.0;Plantaardig - akkerbouw > Granen;Bostel (brouwerijafval) en afvallen van branderijen (Prodcom 110520);;;;;AGGREGAAT - Bostel (brouwerijafval) en afvallen van branderijen (Prodcom 110520);brewery and distillery residues in one cell;high;ok;
G-036;A -> aggregate (collection, not a product);C-303;MONBIO 4.0;Productievolume;Voedingsindustrie;101373.0;Dierlijk - vee > Vlees;Worst van alle soorten, van vlees, van slachtafval of van bloed (Prodcom 101314);;;;;AGGREGAAT - Worst van alle soorten, van vlees, van slachtafval of van bloed (Prodcom 101314);'van alle soorten';high;ok;
G-037;A -> aggregate (collection, not a product);C-511;MONBIO 3.0;Productievolume;Voedingsindustrie;100403.0;Plantaardig - tuinbouw > Fruit;Jam, vruchtengelei, vruchtenmoes en vruchtenpasta (Prodcom 103922);;;;;AGGREGAAT - Jam, vruchtengelei, vruchtenmoes en vruchtenpasta (Prodcom 103922);four products in one cell;high;ok;
G-038;A -> aggregate (collection, not a product);C-488;MONBIO 3.0;Productievolume;Voedingsindustrie;98710.0;Dierlijk - vee > Vlees;Worst van alle soorten, van vlees, van slachtafval of van bloed (Prodcom 101314);;;;;AGGREGAAT - Worst van alle soorten, van vlees, van slachtafval of van bloed (Prodcom 101314);'van alle soorten';high;ok;
G-039;A -> aggregate (collection, not a product);C-548;MONBIO 3.0;Reststroom;Voedingsindustrie;98390.0;Plantaardig - akkerbouw > Granen;Gries, griesmeel en pellets van granen, n.e.g. (Prodcom 106132);;;;;AGGREGAAT - Gries, griesmeel en pellets van granen, n.e.g. (Prodcom 106132);three forms in one cell, and n.e.g.;high;ok;
G-040;A -> aggregate (collection, not a product);C-322;MONBIO 4.0;Productievolume;Voedingsindustrie;94330.0;Plantaardig - tuinbouw > Fruit;Jam, vruchtengelei, vruchtenmoes en vruchtenpasta (Prodcom 103922);;;;;AGGREGAAT - Jam, vruchtengelei, vruchtenmoes en vruchtenpasta (Prodcom 103922);four products in one cell;high;ok;
G-041;A -> aggregate (collection, not a product);C-357;MONBIO 4.0;Reststroom;Voedingsindustrie;85219.0;Plantaardig - akkerbouw > Granen;Gries, griesmeel en pellets van granen, n.e.g. (Prodcom 106132);;;;;AGGREGAAT - Gries, griesmeel en pellets van granen, n.e.g. (Prodcom 106132);three forms in one cell, and n.e.g.;high;ok;
G-042;A -> aggregate (collection, not a product);C-508;MONBIO 3.0;Productievolume;Voedingsindustrie;83776.0;Plantaardig - tuinbouw > Groenten;Andere groenten, op andere wijze verduurzaamd dan in azijn of azijnzuur (dus NIET in azijn) (Prodcom 103917);;;;;AGGREGAAT - Andere groenten, op andere wijze verduurzaamd dan in azijn of azijnzuur (dus NIET in azijn) (Prodcom 103917);residual bucket: 'Andere ...';high;ok;
G-043;A -> aggregate (collection, not a product);C-295;MONBIO 4.0;Reststroom;Voedingsindustrie;82576.0;Dierlijk - vee > Vlees;Eetbare slachtafvallen van runderen, varkens, schapen, geiten en paarden, vers of gekoeld (Prodcom 101120);;;;;AGGREGAAT - Eetbare slachtafvallen van runderen, varkens, schapen, geiten en paarden, vers of gekoeld (Prodcom 101120);five species in one cell;high;ok;
G-044;A -> aggregate (collection, not a product);C-336;MONBIO 4.0;Productievolume;Voedingsindustrie;78866.0;Plantaardig - akkerbouw > Oliehoudende gewassen;Andere plantaardige olien, ruw (Prodcom 104129);;;;;AGGREGAAT - Andere plantaardige olien, ruw (Prodcom 104129);residual bucket: 'Andere ...';high;ok;
G-045;A -> aggregate (collection, not a product);C-480;MONBIO 3.0;Reststroom;Voedingsindustrie;75397.0;Dierlijk - vee > Vlees;Eetbare slachtafvallen van runderen, varkens, schapen, geiten en paarden, vers of gekoeld (Prodcom 101120);;;;;AGGREGAAT - Eetbare slachtafvallen van runderen, varkens, schapen, geiten en paarden, vers of gekoeld (Prodcom 101120);five species in one cell;high;ok;
G-046;A -> aggregate (collection, not a product);C-319;MONBIO 4.0;Productievolume;Voedingsindustrie;72920.0;Plantaardig - tuinbouw > Groenten;Andere groenten, op andere wijze verduurzaamd dan in azijn of azijnzuur (dus NIET in azijn) (Prodcom 103917);;;;;AGGREGAAT - Andere groenten, op andere wijze verduurzaamd dan in azijn of azijnzuur (dus NIET in azijn) (Prodcom 103917);residual bucket: 'Andere ...';high;ok;
G-047;A -> aggregate (collection, not a product);C-375;MONBIO 4.0;Productievolume;Voedingsindustrie;58796.0;Dierlijk - vee > Eieren;Vogeleieren uit de schaal en eigeel, vers of verduurzaamd, ovoalbumine (Prodcom 108912);;;;;AGGREGAAT - Vogeleieren uit de schaal en eigeel, vers of verduurzaamd, ovoalbumine (Prodcom 108912);three distinct products in one cell;high;ok;
G-048;A -> aggregate (collection, not a product);C-568;MONBIO 3.0;Productievolume;Voedingsindustrie;53811.0;Dierlijk - vee > Eieren;Vogeleieren uit de schaal en eigeel, vers of verduurzaamd, ovoalbumine (Prodcom 108912);;;;;AGGREGAAT - Vogeleieren uit de schaal en eigeel, vers of verduurzaamd, ovoalbumine (Prodcom 108912);three distinct products in one cell;high;ok;
G-049;A -> aggregate (collection, not a product);C-481;MONBIO 3.0;Reststroom;Voedingsindustrie;53704.0;Dierlijk - vee > Vlees;Ander vlees en andere eetbare slachtafvallen, vers, gekoeld of bevroren (Prodcom 101139);;;;;AGGREGAAT - Ander vlees en andere eetbare slachtafvallen, vers, gekoeld of bevroren (Prodcom 101139);residual bucket: 'Ander ... en andere ...';high;ok;
G-050;A -> aggregate (collection, not a product);C-296;MONBIO 4.0;Reststroom;Voedingsindustrie;49893.0;Dierlijk - vee > Vlees;Ander vlees en andere eetbare slachtafvallen, vers, gekoeld of bevroren (Prodcom 101139);;;;;AGGREGAAT - Ander vlees en andere eetbare slachtafvallen, vers, gekoeld of bevroren (Prodcom 101139);residual bucket: 'Ander ... en andere ...';high;ok;
G-051;A -> aggregate (collection, not a product);C-339;MONBIO 4.0;Productievolume;Voedingsindustrie;34401.0;Plantaardig - akkerbouw > Oliehoudende gewassen;Andere olien en fracties daarvan, geraffineerd (Prodcom 104159);;;;;AGGREGAAT - Andere olien en fracties daarvan, geraffineerd (Prodcom 104159);residual bucket: 'Andere ...';high;ok;
G-052;A -> aggregate (collection, not a product);C-529;MONBIO 3.0;Productievolume;Voedingsindustrie;34401.0;Plantaardig - akkerbouw > Oliehoudende gewassen;Andere olien en fracties daarvan, geraffineerd (Prodcom 104159);;;;;AGGREGAAT - Andere olien en fracties daarvan, geraffineerd (Prodcom 104159);residual bucket: 'Andere ...';high;ok;
G-053;A -> aggregate (collection, not a product);C-543;MONBIO 3.0;Productievolume;Voedingsindustrie;32705.0;Plantaardig - akkerbouw > Granen;Meel van andere granen (Prodcom 106122);;;;;AGGREGAAT - Meel van andere granen (Prodcom 106122);residual bucket: 'andere granen';high;ok;
G-054;A -> aggregate (collection, not a product);C-510;MONBIO 3.0;Productievolume;Voedingsindustrie;31998.0;Plantaardig - tuinbouw > Fruit;Vruchten en noten, ook indien gestoomd of in water gekookt, bevroren (Prodcom 103921);;;;;AGGREGAAT - Vruchten en noten, ook indien gestoomd of in water gekookt, bevroren (Prodcom 103921);fruit and nuts in one cell;high;ok;
G-055;A -> aggregate (collection, not a product);C-352;MONBIO 4.0;Productievolume;Voedingsindustrie;30630.0;Plantaardig - akkerbouw > Granen;Meel van andere granen (Prodcom 106122);;;;;AGGREGAAT - Meel van andere granen (Prodcom 106122);residual bucket: 'andere granen';high;ok;
G-056;A -> aggregate (collection, not a product);C-321;MONBIO 4.0;Productievolume;Voedingsindustrie;30595.0;Plantaardig - tuinbouw > Fruit;Vruchten en noten, ook indien gestoomd of in water gekookt, bevroren (Prodcom 103921);;;;;AGGREGAAT - Vruchten en noten, ook indien gestoomd of in water gekookt, bevroren (Prodcom 103921);fruit and nuts in one cell;high;ok;
G-057;A -> aggregate (collection, not a product);C-323;MONBIO 4.0;Productievolume;Voedingsindustrie;28103.0;Plantaardig - tuinbouw > Fruit;Andere bereide, gedroogde of verduurzaamde vruchten (Prodcom 103929);;;;;AGGREGAAT - Andere bereide, gedroogde of verduurzaamde vruchten (Prodcom 103929);residual bucket: 'Andere ...';high;ok;
G-058;A -> aggregate (collection, not a product);C-512;MONBIO 3.0;Productievolume;Voedingsindustrie;26335.0;Plantaardig - tuinbouw > Fruit;Andere bereide, gedroogde of verduurzaamde vruchten (Prodcom 103929);;;;;AGGREGAAT - Andere bereide, gedroogde of verduurzaamde vruchten (Prodcom 103929);residual bucket: 'Andere ...';high;ok;
G-059;A -> aggregate (collection, not a product);C-496;MONBIO 3.0;Productievolume;Voedingsindustrie;20490.0;Dierlijk - vis > Vis;Vis, op andere wijze bereid of verduurzaamd (Prodcom 102025);;;;;AGGREGAAT - Vis, op andere wijze bereid of verduurzaamd (Prodcom 102025);residual bucket: 'op andere wijze';high;ok;
G-060;A -> aggregate (collection, not a product);C-310;MONBIO 4.0;Productievolume;Voedingsindustrie;20169.0;Dierlijk - vis > Vis;Vis, op andere wijze bereid of verduurzaamd (Prodcom 102025);;;;;AGGREGAAT - Vis, op andere wijze bereid of verduurzaamd (Prodcom 102025);residual bucket: 'op andere wijze';high;ok;
G-061;A -> aggregate (collection, not a product);C-309;MONBIO 4.0;Productievolume;Voedingsindustrie;11591.0;Dierlijk - vis > Vis;Visfilets en ander visvlees, vers of gekoeld (Prodcom 102011);;;;;AGGREGAAT - Visfilets en ander visvlees, vers of gekoeld (Prodcom 102011);residual bucket: 'en ander visvlees';high;ok;
G-062;A -> aggregate (collection, not a product);C-494;MONBIO 3.0;Productievolume;Voedingsindustrie;11082.0;Dierlijk - vis > Vis;Visfilets en ander visvlees, vers of gekoeld (Prodcom 102011);;;;;AGGREGAAT - Visfilets en ander visvlees, vers of gekoeld (Prodcom 102011);residual bucket: 'en ander visvlees';high;ok;
G-063;A -> aggregate (collection, not a product);C-302;MONBIO 4.0;Productievolume;Voedingsindustrie;1061.0;Dierlijk - vee > Vlees;Ander vlees en eetbare slachtafval, gezouten, gepekeld, gedroogd of gerookt (Prodcom 101313);;;;;AGGREGAAT - Ander vlees en eetbare slachtafval, gezouten, gepekeld, gedroogd of gerookt (Prodcom 101313);residual bucket: 'Ander vlees ...';high;ok;
G-064;A -> aggregate (collection, not a product);C-487;MONBIO 3.0;Productievolume;Voedingsindustrie;973.0;Dierlijk - vee > Vlees;Ander vlees en eetbare slachtafval, gezouten, gepekeld, gedroogd of gerookt (Prodcom 101313);;;;;AGGREGAAT - Ander vlees en eetbare slachtafval, gezouten, gepekeld, gedroogd of gerookt (Prodcom 101313);residual bucket: 'Ander vlees ...';high;ok;
G-065;A -> aggregate (collection, not a product);C-540;MONBIO 3.0;Productievolume;Voedingsindustrie;79.0;Dierlijk - vee > Melk;Yoghurt en andere gegiste of aangezuurde melk of room (Prodcom 105152);;;;;AGGREGAAT - Yoghurt en andere gegiste of aangezuurde melk of room (Prodcom 105152);residual bucket: 'en andere ...';high;ok;
G-066;A -> move to a Varia sector, then L4;C-361;MONBIO 4.0;Productievolume;Voedingsindustrie;556283.0;Plantaardig - akkerbouw > Suikerbieten en nijverheidsgewassen;Riet- en beetwortelsuiker, geraffineerd - productie van het Vlaamse bedrijf (sites in Vlaanderen en Wallonie) (Prodcom 108112);Varia;Suiker;Riet- en beetwortelsuiker, geraffineerd - productie van het Vlaamse bedrijf (sites in Vlaanderen en Wallonie);4;;refined sugar from cane AND beet - a sector product, not one crop;medium;ok;however, I would see this as an aggregate of 2L4 entrees: refined cane sugar & refined beet sugar
G-067;A -> move to a Varia sector, then L4;C-553;MONBIO 3.0;Productievolume;Voedingsindustrie;538889.0;Plantaardig - akkerbouw > Suikerbieten en nijverheidsgewassen;Riet- en beetwortelsuiker, geraffineerd - productie van het Vlaamse bedrijf (sites in Vlaanderen en Wallonie) (Prodcom 108112);Varia;Suiker;Riet- en beetwortelsuiker, geraffineerd - productie van het Vlaamse bedrijf (sites in Vlaanderen en Wallonie);4;;refined sugar from cane AND beet - a sector product, not one crop;medium;ok;however, I would see this as an aggregate of 2L4 entrees: refined cane sugar & refined beet sugar
G-068;A -> move to a Varia sector, then L4;C-551;MONBIO 3.0;Productievolume;Voedingsindustrie;303437.0;Plantaardig - akkerbouw > Granen;Vers brood (Prodcom 107111);Varia;Bakkerij;Vers brood;4;;bread is a bakery product, not a cereal;medium;ok;
G-069;A -> move to a Varia sector, then L4;C-359;MONBIO 4.0;Productievolume;Voedingsindustrie;286387.0;Plantaardig - akkerbouw > Granen;Vers brood (Prodcom 107111);Varia;Bakkerij;Vers brood;4;;bread is a bakery product, not a cereal;medium;ok;
G-070;A -> move to a Varia sector, then L4;C-544;MONBIO 3.0;Productievolume;Voedingsindustrie;182809.0;Plantaardig - akkerbouw > Granen;Mengsels voor de bereiding van bakkerijproducten (Prodcom 106124);Varia;Bakkerij;Mengsels voor de bereiding van bakkerijproducten;4;;a bakery input, not a cereal;medium;ok;
G-071;A -> move to a Varia sector, then L4;C-554;MONBIO 3.0;Reststroom;Voedingsindustrie;111298.0;Plantaardig - akkerbouw > Suikerbieten en nijverheidsgewassen;Melasse (Prodcom 108114);Varia;Suiker;Melasse;4;;a sugar-refining product, not a beet;medium;ok;
G-072;A -> move to a Varia sector, then L4;C-353;MONBIO 4.0;Productievolume;Voedingsindustrie;107662.0;Plantaardig - akkerbouw > Granen;Mengsels voor de bereiding van bakkerijproducten (Prodcom 106124);Varia;Bakkerij;Mengsels voor de bereiding van bakkerijproducten;4;;a bakery input, not a cereal;medium;ok;
G-073;A -> move to a Varia sector, then L4;C-362;MONBIO 4.0;Reststroom;Voedingsindustrie;91958.0;Plantaardig - akkerbouw > Suikerbieten en nijverheidsgewassen;Melasse (Prodcom 108114);Varia;Suiker;Melasse;4;;a sugar-refining product, not a beet;medium;ok;
G-074;A -> L4 (single product);C-344;MONBIO 4.0;Productievolume;Voedingsindustrie;216442.05;Dierlijk - vee > Melk;Melk en room met meer dan 6% vet, niet ingedikt of gezoet (Prodcom 105112);;;Melk en room met meer dan 6% vet, niet ingedikt of gezoet;4;;names two products, but the reviewer approved the analogous dairy rows as L4 in round 1 - confirm or flip the whole dairy block together;medium;ok;
G-075;A -> L4 (single product);C-349;MONBIO 4.0;Productievolume;Voedingsindustrie;214953.0;Dierlijk - vee > Melk;Melk en room, ingedikt of met toegevoegde suiker (Prodcom 105151);;;Melk en room, ingedikt of met toegevoegde suiker;4;;names two products, but the reviewer approved the analogous dairy rows as L4 in round 1 - confirm or flip the whole dairy block together;medium;ok;
G-076;A -> L4 (single product);C-539;MONBIO 3.0;Productievolume;Voedingsindustrie;196052.0;Dierlijk - vee > Melk;Melk en room, ingedikt of met toegevoegde suiker (Prodcom 105151);;;Melk en room, ingedikt of met toegevoegde suiker;4;;names two products, but the reviewer approved the analogous dairy rows as L4 in round 1 - confirm or flip the whole dairy block together;medium;ok;
G-077;A -> L4 (single product);C-534;MONBIO 3.0;Productievolume;Voedingsindustrie;191291.17;Dierlijk - vee > Melk;Melk en room met meer dan 6% vet, niet ingedikt of gezoet (Prodcom 105112);;;Melk en room met meer dan 6% vet, niet ingedikt of gezoet;4;;names two products, but the reviewer approved the analogous dairy rows as L4 in round 1 - confirm or flip the whole dairy block together;medium;ok;
G-078;A -> L4 (single product);C-345;MONBIO 4.0;Productievolume;Voedingsindustrie;129384.0;Dierlijk - vee > Melk;Mageremelk- en roompoeder (Prodcom 105121);;;Mageremelk- en roompoeder;4;;names two products, but the reviewer approved the analogous dairy rows as L4 in round 1 - confirm or flip the whole dairy block together;medium;ok;
G-079;A -> L4 (single product);C-535;MONBIO 3.0;Productievolume;Voedingsindustrie;126741.0;Dierlijk - vee > Melk;Mageremelk- en roompoeder (Prodcom 105121);;;Mageremelk- en roompoeder;4;;names two products, but the reviewer approved the analogous dairy rows as L4 in round 1 - confirm or flip the whole dairy block together;medium;ok;
G-080;A -> L4 (single product);C-348;MONBIO 4.0;Productievolume;Voedingsindustrie;101256.0;Dierlijk - vee > Melk;Kaas en wrongel (Prodcom 105140);;;Kaas en wrongel;4;;names two products, but the reviewer approved the analogous dairy rows as L4 in round 1 - confirm or flip the whole dairy block together;medium;ok;
G-081;A -> L4 (single product);C-538;MONBIO 3.0;Productievolume;Voedingsindustrie;93967.0;Dierlijk - vee > Melk;Kaas en wrongel (Prodcom 105140);;;Kaas en wrongel;4;;names two products, but the reviewer approved the analogous dairy rows as L4 in round 1 - confirm or flip the whole dairy block together;medium;ok;
G-082;A -> L4 (single product);C-537;MONBIO 3.0;Productievolume;Voedingsindustrie;77043.0;Dierlijk - vee > Melk;Boter en zuivelpasta's (Prodcom 105130);;;Boter en zuivelpasta's;4;;names two products, but the reviewer approved the analogous dairy rows as L4 in round 1 - confirm or flip the whole dairy block together;medium;ok;
G-083;A -> L4 (single product);C-347;MONBIO 4.0;Productievolume;Voedingsindustrie;75205.0;Dierlijk - vee > Melk;Boter en zuivelpasta's (Prodcom 105130);;;Boter en zuivelpasta's;4;;names two products, but the reviewer approved the analogous dairy rows as L4 in round 1 - confirm or flip the whole dairy block together;medium;ok;
G-084;A -> L4 (single product);C-536;MONBIO 3.0;Productievolume;Voedingsindustrie;57067.0;Dierlijk - vee > Melk;Vollemelk- en roompoeder (Prodcom 105122);;;Vollemelk- en roompoeder;4;;names two products, but the reviewer approved the analogous dairy rows as L4 in round 1 - confirm or flip the whole dairy block together;medium;ok;
G-085;A -> L4 (single product);C-346;MONBIO 4.0;Productievolume;Voedingsindustrie;33513.0;Dierlijk - vee > Melk;Vollemelk- en roompoeder (Prodcom 105122);;;Vollemelk- en roompoeder;4;;names two products, but the reviewer approved the analogous dairy rows as L4 in round 1 - confirm or flip the whole dairy block together;medium;ok;
G-086;A -> L4 (single product);C-495;MONBIO 3.0;Productievolume;Voedingsindustrie;3948.0;Dierlijk - vis > Vis;Gerookte vis, filets daaronder begrepen (Prodcom 102024);;;Gerookte vis, filets daaronder begrepen;4;;"no collection wording in the name; a genuine single product";high;skip;this is a type of cooking procedure, not relevant. This entree can be excluded from the register
