review_id;file;claim_id;change;from;to;why;volume_t_per_yr;name;DECISION_review;
R-001;varia_reclass.csv;C-097;placement changed, then auto-approved;(cleared);aggregate · Aggregaat / ;OVAM subsector lump -> aggregate over Chocolade + Suiker + Bereide maaltijden;191054;Voedselreststromen Suiker, chocolade, bereide maaltijden, enz. (voedingsindustrie);ok;
R-002;varia_reclass.csv;C-099;placement changed, then auto-approved;(cleared);aggregate · Aggregaat / ;OVAM subsector lump -> aggregate over Zetmeel + Deegwaren + Maalderij + Dieetvoeding;167446;Voedselreststromen Deegwaren, dieetvoeding, zetmeel, maalderijen (voedingsindustrie);ok;
R-003;varia_reclass.csv;C-103;placement changed, then auto-approved;(cleared);aggregate · Aggregaat / ;"retail stage, grootdistributie half; sums with C-104 to C-105";115862;Voedselreststromen grootdistributie en supermarkten;ok;Although this is a aggregate, I want it to be clear that it is a subpart of the retail aggregate!since it should be summed with its other part to form the full aggregate on retail
R-004;varia_reclass.csv;C-104;placement changed, then auto-approved;(cleared);aggregate · Aggregaat / ;"retail stage, detailhandel half; sums with C-103 to C-105";16220;Voedselreststromen detailhandel voeding;ok;Although this is a aggregate, I want it to be clear that it is a subpart of the retail aggregate!since it should be summed with its other part to form the full aggregate on retail
R-005;varia_reclass.csv;C-106;placement changed, then auto-approved;(cleared);aggregate · Aggregaat / ;"retail stage, grootdistributie half; sums with C-107 to C-108";53330;Voedselverliezen grootdistributie en supermarkten;ok;Although this is a aggregate, I want it to be clear that it is a subpart of the retail aggregate!since it should be summed with its other part to form the full aggregate on retail
R-006;varia_reclass.csv;C-107;placement changed, then auto-approved;(cleared);aggregate · Aggregaat / ;"retail stage, detailhandel half; sums with C-106 to C-108";6519;Voedselverliezen detailhandel voeding;ok;Although this is a aggregate, I want it to be clear that it is a subpart of the retail aggregate!since it should be summed with its other part to form the full aggregate on retail
R-007;varia_reclass.csv;C-198;placement changed, then auto-approved;(cleared);aggregate · Aggregaat / ;OVAM subsector lump -> aggregate over Chocolade + Suiker + Bereide maaltijden;130271;Voedselreststromen voedingsindustrie - Suiker, chocolade, bereide maaltijden, enz.;ok;
R-008;varia_reclass.csv;C-199;placement changed, then auto-approved;(cleared);aggregate · Aggregaat / ;OVAM subsector lump -> aggregate over Zetmeel + Deegwaren + Maalderij + Dieetvoeding;78995;Voedselreststromen voedingsindustrie - Deegwaren, dieetvoeding, zetmeel, maalderijen;ok;
R-009;varia_reclass.csv;C-201;DECISION reversed;no (yours);ok (mine);"2023 twin C-098 is ok; same claim, different edition";574792;Voedselreststromen voedingsindustrie - Vlees, vis en gevogelte;fix;Look into source if this number is about the meat of the animals and fish, if yes then it's an aggregate wich cant be used since it covers a subsection of L2 level vee, and anothr subsection of L2 level vis -> No 1 parent rule. If it concerns all waste (including eggs, diary etc) then it is a subset aggregate
R-010;varia_reclass.csv;C-203;placement changed, then auto-approved;(cleared);aggregate · Aggregaat / ;"retail stage, grootdistributie half; sums with C-204 to C-205";74642;Voedselreststromen grootdistributie en supermarkten (totaal);ok;Although this is a aggregate, I want it to be clear that it is a subpart of the retail aggregate!since it should be summed with its other part to form the full aggregate on retail
R-011;varia_reclass.csv;C-204;placement changed, then auto-approved;(cleared);aggregate · Aggregaat / ;"retail stage, detailhandel half; sums with C-203 to C-205";11160;Voedselreststromen detailhandel voeding (totaal);ok;Although this is a aggregate, I want it to be clear that it is a subpart of the retail aggregate!since it should be summed with its other part to form the full aggregate on retail
R-012;varia_reclass.csv;C-208;placement changed, then auto-approved;(cleared);aggregate · Aggregaat / ;"retail stage, grootdistributie half; sums with C-209 to C-206";28759;Voedselverliezen grootdistributie en supermarkten;ok;Although this is a aggregate, I want it to be clear that it is a subpart of the retail aggregate!since it should be summed with its other part to form the full aggregate on retail
R-013;varia_reclass.csv;C-209;placement changed, then auto-approved;(cleared);aggregate · Aggregaat / ;"retail stage, detailhandel half; sums with C-208 to C-206";8622;Voedselverliezen detailhandel voeding;ok;Although this is a aggregate, I want it to be clear that it is a subpart of the retail aggregate!since it should be summed with its other part to form the full aggregate on retail
R-014;varia_reclass.csv;C-279;placement changed, then auto-approved;(cleared);aggregate · Varia / Olien, vetten / ;NACE 10.4 olien en vetten;771000;AGGREGAAT - Vervaardiging van plantaardige en dierlijke olien en vetten, productie hoofdstromen (Belgisch FEDIOL-cijfer, door de bron in de Vlaamse tabel gezet);ok;
R-015;varia_reclass.csv;C-280;placement changed, then auto-approved;(cleared);aggregate · Varia / Olien, vetten / ;NACE 10.4 olien en vetten;1149000;AGGREGAAT - Vervaardiging van plantaardige en dierlijke olien en vetten, productie nevenstromen en productieresiduen (Belgisch FEDIOL-cijfer, door de bron in de Vlaamse tabel gezet);ok;
R-016;varia_reclass.csv;C-283;placement changed, then auto-approved;(cleared);aggregate · Aggregaat / ;NACE 10.6/10.7 -> aggregate over Bakkerij + Zetmeel + Deegwaren + Maalderij;2102000;AGGREGAAT - Vervaardiging van maalderijproducten, zetmeelproducten, bakkerijproducten en deegwaren, productie hoofdstromen;ok;
R-017;varia_reclass.csv;C-284;placement changed, then auto-approved;(cleared);aggregate · Aggregaat / ;NACE 10.6/10.7 -> aggregate over Bakkerij + Zetmeel + Deegwaren + Maalderij;671000;AGGREGAAT - Vervaardiging van maalderijproducten, zetmeelproducten, bakkerijproducten en deegwaren, productie nevenstromen en productieresiduen;ok;
R-018;varia_reclass.csv;C-285;placement changed, then auto-approved;(cleared);aggregate · Aggregaat / ;NACE 10.8 suiker en chocolade -> aggregate over Chocolade + Suiker;1476000;AGGREGAAT - Vervaardiging van suiker en chocolade, productie hoofdstromen;ok;
R-019;varia_reclass.csv;C-286;placement changed, then auto-approved;(cleared);aggregate · Aggregaat / ;NACE 10.8 suiker en chocolade -> aggregate over Chocolade + Suiker;403000;AGGREGAAT - Vervaardiging van suiker en chocolade, productie nevenstromen en productieresiduen;ok;
R-020;varia_reclass.csv;C-287;placement changed, then auto-approved;(cleared);aggregate · Varia / Dranken / ;NACE 11 dranken;1841000;AGGREGAAT - Vervaardiging van dranken, productie hoofdstromen;ok;
R-021;varia_reclass.csv;C-355;placement changed, then auto-approved;(cleared);component · Varia / Zetmeel en zetmeelproducten / Zetmeel, inuline, tarwegluten, dextrine en ander gewijzigd zetmeel;Prodcom 106211;395773;Zetmeel, inuline, tarwegluten, dextrine en ander gewijzigd zetmeel (Prodcom 106211);fix;zetmeel, inuline, tarwegluten, dextrine and gewijzigd zetmeel are all L4 levels beneath the L3 level zetmeel en zetmeelproducten, so an aggregate at this level and no component
R-022;varia_reclass.csv;C-356;placement changed, then auto-approved;(cleared);component · Varia / Zetmeel en zetmeelproducten / Glucose en glucosestroop, fructose en fructosestroop, invertsuiker;Prodcom 106213;584402;Glucose en glucosestroop, fructose en fructosestroop, invertsuiker (Prodcom 106213);fix;Glucose en glucosestroop, fructose en fructosestroop, invertsuiker are all L4 levels beneath the L3 level sugars products (new class in varia if there is not yet an L3 sugar products level)n BUT NOT BENEAT ZETMEEL!!! so an aggregate at this level and no component
R-023;varia_reclass.csv;C-365;placement changed, then auto-approved;(cleared);component · Varia / Chocolade / Chocolade en andere cacaobevattende bereidingen, in grote verpakkingen;Prodcom 108221;554394;Chocolade en andere cacaobevattende bereidingen, in grote verpakkingen (Prodcom 108221);fix;aggregate within L3 chocolade of the L4 poduct chocolade + all L4 entrees which will concern cacapoduct (still coming maybe), but thus not a component!!!
R-024;varia_reclass.csv;C-383;placement changed, then auto-approved;(cleared);aggregate · Varia / Chocolade / ;Vlaamse chocoladeproductie: totals the L4 chocolate rows beneath;900000;Chocolade, Vlaamse productie (schatting);ok;
R-025;varia_reclass.csv;C-464;placement changed, then auto-approved;(cleared);aggregate · Varia / Olien, vetten / ;NACE 10.4 olien en vetten;902000;AGGREGAAT - Vervaardiging van plantaardige en dierlijke olien en vetten, productie hoofdstromen (Belgisch FEDIOL-cijfer, door de bron in de Vlaamse tabel gezet);ok;
R-026;varia_reclass.csv;C-465;placement changed, then auto-approved;(cleared);aggregate · Varia / Olien, vetten / ;NACE 10.4 olien en vetten;1376000;AGGREGAAT - Vervaardiging van plantaardige en dierlijke olien en vetten, productie nevenstromen en productieresiduen (Belgisch FEDIOL-cijfer, door de bron in de Vlaamse tabel gezet);ok;
R-027;varia_reclass.csv;C-468;placement changed, then auto-approved;(cleared);aggregate · Aggregaat / ;NACE 10.6/10.7 -> aggregate over Bakkerij + Zetmeel + Deegwaren + Maalderij;2248000;AGGREGAAT - Vervaardiging van maalderijproducten, zetmeelproducten, bakkerijproducten en deegwaren, productie hoofdstromen;ok;
R-028;varia_reclass.csv;C-469;placement changed, then auto-approved;(cleared);aggregate · Aggregaat / ;NACE 10.6/10.7 -> aggregate over Bakkerij + Zetmeel + Deegwaren + Maalderij;563000;AGGREGAAT - Vervaardiging van maalderijproducten, zetmeelproducten, bakkerijproducten en deegwaren, productie nevenstromen en productieresiduen;ok;
R-029;varia_reclass.csv;C-470;placement changed, then auto-approved;(cleared);aggregate · Aggregaat / ;NACE 10.8 suiker en chocolade -> aggregate over Chocolade + Suiker;1356000;AGGREGAAT - Vervaardiging van suiker en chocolade, productie hoofdstromen;ok;
R-030;varia_reclass.csv;C-471;placement changed, then auto-approved;(cleared);aggregate · Aggregaat / ;NACE 10.8 suiker en chocolade -> aggregate over Chocolade + Suiker;394000;AGGREGAAT - Vervaardiging van suiker en chocolade, productie nevenstromen en productieresiduen;ok;
R-031;varia_reclass.csv;C-472;placement changed, then auto-approved;(cleared);aggregate · Varia / Dranken / ;NACE 11 dranken;1742000;AGGREGAAT - Vervaardiging van dranken, productie hoofdstromen;ok;
R-032;varia_reclass.csv;C-546;placement changed, then auto-approved;(cleared);component · Varia / Zetmeel en zetmeelproducten / Zetmeel, inuline, tarwegluten, dextrine en ander gewijzigd zetmeel;Prodcom 106211;363337;Zetmeel, inuline, tarwegluten, dextrine en ander gewijzigd zetmeel (Prodcom 106211);fix;zetmeel, inuline, tarwegluten, dextrine and gewijzigd zetmeel are all L4 levels beneath the L3 level zetmeel en zetmeelproducten, so an aggregate at this level and no component
R-033;varia_reclass.csv;C-547;placement changed, then auto-approved;(cleared);component · Varia / Zetmeel en zetmeelproducten / Glucose en glucosestroop, fructose en fructosestroop, invertsuiker;Prodcom 106213;533398;Glucose en glucosestroop, fructose en fructosestroop, invertsuiker (Prodcom 106213);fix;Glucose en glucosestroop, fructose en fructosestroop, invertsuiker are all L4 levels beneath the L3 level sugars products (new class in varia if there is not yet an L3 sugar products level)n BUT NOT BENEAT ZETMEEL!!! so an aggregate at this level and no component
R-034;varia_reclass.csv;C-550;placement changed, then auto-approved;(cleared);component · Varia / Zetmeel en zetmeelproducten / Afvallen van zetmeelfabrieken en dergelijke afvallen;Prodcom 106220;284549;Afvallen van zetmeelfabrieken en dergelijke afvallen (Prodcom 106220);fix;I think this should be placed at L4 zetmeel, and be the waste number for L4 zetmeel
R-035;varia_reclass.csv;C-558;placement changed, then auto-approved;(cleared);component · Varia / Chocolade / Chocolade en andere cacaobevattende bereidingen, in grote verpakkingen;Prodcom 108221;467869;Chocolade en andere cacaobevattende bereidingen, in grote verpakkingen (Prodcom 108221);fix;aggregate within L3 chocolade of the L4 poduct chocolade + all L4 entrees which will concern cacapoduct (still coming maybe), but thus not a component!!!
R-036;varia_reclass.csv;C-576;placement changed, then auto-approved;(cleared);aggregate · Varia / Chocolade / ;Vlaamse chocoladeproductie: totals the L4 chocolate rows beneath;800000;Chocolade, Vlaamse productie (schatting);ok;
R-037;aggregate_coverage.csv;C-035;placement auto-approved;(blank or 0);L4 under Productievolume ¦ Dierlijk - vis ¦ Vis · cov=full;row promoted to AGGREGAAT this session;12519;AGGREGAAT - Aanvoer vis totaal;ok;
R-038;aggregate_coverage.csv;C-039;placement auto-approved;(blank or 0);L3 under Reststroom ¦ Plantaardig - tuinbouw · cov=full;row promoted to AGGREGAAT this session;340886;AGGREGAAT - Voedselreststromen tuinbouw totaal;ok;
R-039;aggregate_coverage.csv;C-043;placement auto-approved;(blank or 0);L5 under Reststroom ¦ Plantaardig - akkerbouw ¦ Aardappelen en knolgewassen ¦ Aardappel · cov=full;row promoted to AGGREGAAT this session;548305;AGGREGAAT - Voedselreststromen aardappelen (incl. niet-geoogst);ok;
R-040;aggregate_coverage.csv;C-044;placement auto-approved;(blank or 0);L3 under Reststroom ¦ Plantaardig - akkerbouw · cov=full;row promoted to AGGREGAAT this session;269389;AGGREGAAT - Voedselreststromen akkerbouw totaal (excl. niet-geoogste aardappelen);ok;
R-041;aggregate_coverage.csv;C-045;placement auto-approved;(blank or 0);L3 under Reststroom ¦ Plantaardig - akkerbouw · cov=full;row promoted to AGGREGAAT this session;577389;AGGREGAAT - Voedselreststromen akkerbouw totaal (incl. niet-geoogste aardappelen);ok;
R-042;aggregate_coverage.csv;C-048;placement auto-approved;(blank or 0);L3 under Reststroom ¦ Dierlijk - vee · cov=full;row promoted to AGGREGAAT this session;13660;AGGREGAAT - Voedselreststromen veehouderij totaal;ok;
R-043;aggregate_coverage.csv;C-054;placement auto-approved;(blank or 0);L3 under Reststroom ¦ Plantaardig - tuinbouw · cov=full;row promoted to AGGREGAAT this session;264093;AGGREGAAT - Voedselverliezen tuinbouw totaal;ok;
R-044;aggregate_coverage.csv;C-058;placement auto-approved;(blank or 0);L3 under Reststroom ¦ Plantaardig - akkerbouw · cov=full;row promoted to AGGREGAAT this session;439249;AGGREGAAT - Voedselverliezen akkerbouw totaal (incl. niet-geoogste aardappelen);ok;
R-045;aggregate_coverage.csv;C-061;placement auto-approved;(blank or 0);L3 under Reststroom ¦ Dierlijk - vee · cov=full;row promoted to AGGREGAAT this session;13532;AGGREGAAT - Voedselverliezen veehouderij totaal;ok;
R-046;aggregate_coverage.csv;C-065;placement auto-approved;(blank or 0);L3 under Reststroom ¦ Plantaardig - tuinbouw · cov=full;row promoted to AGGREGAAT this session;76792;AGGREGAAT - Nevenstromen tuinbouw totaal;ok;
R-047;aggregate_coverage.csv;C-069;placement auto-approved;(blank or 0);L3 under Reststroom ¦ Plantaardig - akkerbouw · cov=full;row promoted to AGGREGAAT this session;138140;AGGREGAAT - Nevenstromen akkerbouw totaal;ok;
R-048;aggregate_coverage.csv;C-072;placement auto-approved;(blank or 0);L3 under Reststroom ¦ Dierlijk - vee · cov=full;row promoted to AGGREGAAT this session;128;AGGREGAAT - Nevenstromen veehouderij totaal;ok;
R-049;aggregate_coverage.csv;C-086;placement auto-approved;(blank or 0);L3 under Productievolume ¦ Plantaardig - tuinbouw · cov=full;row promoted to AGGREGAAT this session;700000;AGGREGAAT - Aanvoer groenten en fruit PO's totaal (som van 10 belangrijkste);fix;this is a sub aggregate since it only covers 10 crops, so if all crops in a L3 groenten sectie this a subset on this
R-050;aggregate_coverage.csv;C-094;placement auto-approved;(blank or 0);L3 under Reststroom · cov=Aardappelen en knolgewassen,Groenten ope;aggregate not present at review time;621063;AGGREGAAT - Voedselreststromen Aardappelen, groenten en fruit (voedingsindustrie);ok;just to confirm, this row will stay an aggregate? Since an aggregate is the correct option
R-051;aggregate_coverage.csv;C-097;placement auto-approved;(blank or 0);L3 under Reststroom ¦ Varia · cov=Chocolade,Suiker,Bereide maaltijden;aggregate not present at review time;191054;AGGREGAAT - Voedselreststromen Suiker, chocolade, bereide maaltijden, enz. (voedingsindustrie);ok;just to confirm, this row will stay an aggregate? Since an aggregate is the correct option
R-052;aggregate_coverage.csv;C-098;placement auto-approved;(blank or 0);L3 under Reststroom · cov=Vlees,Vis;aggregate not present at review time;364233;AGGREGAAT - Voedselreststromen Vlees, vis en gevogelte (voedingsindustrie);ok;just to confirm, this row will stay an aggregate? Since an aggregate is the correct option, but wacht out, might be a subset aggregate: mentioned before, but only if it contains all parts of vee, not only the vlees part of it
R-053;aggregate_coverage.csv;C-099;placement auto-approved;(blank or 0);L3 under Reststroom ¦ Varia · cov=Zetmeel en zetmeelproducten,Deegwaren,Ma;aggregate not present at review time;167446;AGGREGAAT - Voedselreststromen Deegwaren, dieetvoeding, zetmeel, maalderijen (voedingsindustrie);ok;just to confirm, this row will stay an aggregate? Since an aggregate is the correct option
R-054;aggregate_coverage.csv;C-103;placement auto-approved;(blank or 0);L2 under Reststroom · cov=full;aggregate not present at review time;115862;AGGREGAAT - Voedselreststromen grootdistributie en supermarkten;ok;Although this is a aggregate, I want it to be clear that it is a subpart of the retail aggregate!since it should be summed with its other part to form the full aggregate on retail, so nut truly full coverage of L2, only the sum has to full coverage accross L2
R-055;aggregate_coverage.csv;C-104;placement auto-approved;(blank or 0);L2 under Reststroom · cov=full;aggregate not present at review time;16220;AGGREGAAT - Voedselreststromen detailhandel voeding;ok;Although this is a aggregate, I want it to be clear that it is a subpart of the retail aggregate!since it should be summed with its other part to form the full aggregate on retail, so nut truly full coverage of L2, only the sum has to full coverage accross L3
R-056;aggregate_coverage.csv;C-106;placement auto-approved;(blank or 0);L2 under Reststroom · cov=full;aggregate not present at review time;53330;AGGREGAAT - Voedselverliezen grootdistributie en supermarkten;ok;Although this is a aggregate, I want it to be clear that it is a subpart of the retail aggregate!since it should be summed with its other part to form the full aggregate on retail, so nut truly full coverage of L2, only the sum has to full coverage accross L4
R-057;aggregate_coverage.csv;C-107;placement auto-approved;(blank or 0);L2 under Reststroom · cov=full;aggregate not present at review time;6519;AGGREGAAT - Voedselverliezen detailhandel voeding;ok;Although this is a aggregate, I want it to be clear that it is a subpart of the retail aggregate!since it should be summed with its other part to form the full aggregate on retail, so nut truly full coverage of L2, only the sum has to full coverage accross L5
R-058;aggregate_coverage.csv;C-129;placement auto-approved;(blank or 0);L4 under Productievolume ¦ Dierlijk - vis ¦ Vis · cov=full;row promoted to AGGREGAAT this session;12795.6;AGGREGAAT - Aanvoer vis, totaal alle vissoorten;ok;
R-059;aggregate_coverage.csv;C-144;placement auto-approved;(blank or 0);L4 under Reststroom ¦ Dierlijk - vis ¦ Vis · cov=full;row promoted to AGGREGAAT this session;207.6;AGGREGAAT - Opgehouden vis, totaal alle vissoorten (= totale voedselreststroom visveilingen);ok;
R-060;aggregate_coverage.csv;C-149;placement auto-approved;(blank or 0);L4 under Reststroom ¦ Plantaardig - tuinbouw ¦ Groenten openlucht · cov=full;row promoted to AGGREGAAT this session;260180;AGGREGAAT - Voedselreststromen groenten openlucht (totaal);ok;
R-061;aggregate_coverage.csv;C-150;placement auto-approved;(blank or 0);L4 under Reststroom ¦ Plantaardig - tuinbouw ¦ Groenten beschut · cov=full;row promoted to AGGREGAAT this session;21434;AGGREGAAT - Voedselreststromen groenten beschutte teelt (totaal);ok;
R-062;aggregate_coverage.csv;C-151;placement auto-approved;(blank or 0);L4 under Reststroom ¦ Plantaardig - tuinbouw ¦ Fruit · cov=full;row promoted to AGGREGAAT this session;29329;AGGREGAAT - Voedselreststromen fruit (totaal);ok;
R-063;aggregate_coverage.csv;C-152;placement auto-approved;(blank or 0);L3 under Reststroom ¦ Plantaardig - tuinbouw · cov=full;row promoted to AGGREGAAT this session;310944;AGGREGAAT - Voedselreststromen tuinbouw, totaal (totaal);ok;
R-064;aggregate_coverage.csv;C-153;placement auto-approved;(blank or 0);L4 under Reststroom ¦ Plantaardig - akkerbouw ¦ Granen · cov=full;row promoted to AGGREGAAT this session;3784;AGGREGAAT - Voedselreststromen granen (totaal);ok;
R-065;aggregate_coverage.csv;C-154;placement auto-approved;(blank or 0);L5 under Reststroom ¦ Plantaardig - akkerbouw ¦ Suikerbieten en nijverheidsgewassen ¦ Suikerbiet · cov=full;row promoted to AGGREGAAT this session;48662;AGGREGAAT - Voedselreststromen suikerbieten (totaal);ok;
R-066;aggregate_coverage.csv;C-155;placement auto-approved;(blank or 0);L5 under Reststroom ¦ Plantaardig - akkerbouw ¦ Aardappelen en knolgewassen ¦ Aardappel · cov=full;row promoted to AGGREGAAT this session;102717;AGGREGAAT - Voedselreststromen aardappelen (totaal);ok;
R-067;aggregate_coverage.csv;C-156;placement auto-approved;(blank or 0);L3 under Reststroom ¦ Plantaardig - akkerbouw · cov=full;row promoted to AGGREGAAT this session;155162;AGGREGAAT - Voedselreststromen akkerbouw, totaal (totaal);ok;
R-068;aggregate_coverage.csv;C-157;placement auto-approved;(blank or 0);L4 under Reststroom ¦ Dierlijk - vee ¦ Melk · cov=full;row promoted to AGGREGAAT this session;12007;AGGREGAAT - Voedselreststromen melk (totaal);ok;
R-069;aggregate_coverage.csv;C-158;placement auto-approved;(blank or 0);L4 under Reststroom ¦ Dierlijk - vee ¦ Eieren · cov=full;row promoted to AGGREGAAT this session;982;AGGREGAAT - Voedselreststromen eieren (totaal);ok;
R-070;aggregate_coverage.csv;C-159;placement auto-approved;(blank or 0);L3 under Reststroom ¦ Dierlijk - vee · cov=full;row promoted to AGGREGAAT this session;12989;AGGREGAAT - Voedselreststromen veehouderij, totaal (totaal);ok;
R-071;aggregate_coverage.csv;C-164;placement auto-approved;(blank or 0);L3 under Reststroom ¦ Plantaardig - tuinbouw · cov=full;row promoted to AGGREGAAT this session;243114;AGGREGAAT - Voedselverliezen tuinbouw, totaal;ok;
R-072;aggregate_coverage.csv;C-168;placement auto-approved;(blank or 0);L3 under Reststroom ¦ Plantaardig - akkerbouw · cov=full;row promoted to AGGREGAAT this session;92781;AGGREGAAT - Voedselverliezen akkerbouw, totaal;ok;
R-073;aggregate_coverage.csv;C-171;placement auto-approved;(blank or 0);L3 under Reststroom ¦ Dierlijk - vee · cov=full;row promoted to AGGREGAAT this session;12891;AGGREGAAT - Voedselverliezen veehouderij, totaal;ok;
R-074;aggregate_coverage.csv;C-176;placement auto-approved;(blank or 0);L3 under Reststroom ¦ Plantaardig - tuinbouw · cov=full;row promoted to AGGREGAAT this session;67830;AGGREGAAT - Nevenstromen tuinbouw, totaal;ok;
R-075;aggregate_coverage.csv;C-180;placement auto-approved;(blank or 0);L3 under Reststroom ¦ Plantaardig - akkerbouw · cov=full;row promoted to AGGREGAAT this session;62381;AGGREGAAT - Nevenstromen akkerbouw, totaal;ok;
R-076;aggregate_coverage.csv;C-183;placement auto-approved;(blank or 0);L3 under Reststroom ¦ Dierlijk - vee · cov=full;row promoted to AGGREGAAT this session;98;AGGREGAAT - Nevenstromen veehouderij, totaal;ok;
R-077;aggregate_coverage.csv;C-185;placement auto-approved;(blank or 0);L3 under Reststroom ¦ Dierlijk - vee · cov=full;row promoted to AGGREGAAT this session;22000;AGGREGAAT - Voedselreststromen veehouderij, totaal (tekst p.41: 'afgerond 22.000 ton');fix;why is this so different from C159, has the same name so I expect these values to colapse into one
R-078;aggregate_coverage.csv;C-195;placement auto-approved;(blank or 0);L3 under Reststroom · cov=Aardappelen en knolgewassen,Groenten ope;aggregate not present at review time;653463;AGGREGAAT - Voedselreststromen voedingsindustrie - Aardappelen, groenten en fruit;ok;just to confirm, this row will stay an aggregate? Since an aggregate is the correct option
R-079;aggregate_coverage.csv;C-198;placement auto-approved;(blank or 0);L3 under Reststroom ¦ Varia · cov=Chocolade,Suiker,Bereide maaltijden;aggregate not present at review time;130271;AGGREGAAT - Voedselreststromen voedingsindustrie - Suiker, chocolade, bereide maaltijden, enz.;ok;just to confirm, this row will stay an aggregate? Since an aggregate is the correct option
R-080;aggregate_coverage.csv;C-199;placement auto-approved;(blank or 0);L3 under Reststroom ¦ Varia · cov=Zetmeel en zetmeelproducten,Deegwaren,Ma;aggregate not present at review time;78995;AGGREGAAT - Voedselreststromen voedingsindustrie - Deegwaren, dieetvoeding, zetmeel, maalderijen;ok;just to confirm, this row will stay an aggregate? Since an aggregate is the correct option, but wacht out, might be a subset aggregate: mentioned before, but only if it contains all parts of vee, not only the vlees part of it
R-081;aggregate_coverage.csv;C-201;placement auto-approved;(blank or 0);L3 under Reststroom · cov=Vlees,Vis;aggregate not present at review time;574792;AGGREGAAT - Voedselreststromen voedingsindustrie - Vlees, vis en gevogelte;ok;Look into source if this number is about the meat of the animals and fish, if yes then it's an aggregate wich cant be used since it covers a subsection of L2 level vee, and anothr subsection of L2 level vis -> No 1 parent rule. If it concerns all waste (including eggs, diary etc) then it is a subset aggregate
R-082;aggregate_coverage.csv;C-203;placement auto-approved;(blank or 0);L2 under Reststroom · cov=full;aggregate not present at review time;74642;AGGREGAAT - Voedselreststromen grootdistributie en supermarkten (totaal);ok;Although this is a aggregate, I want it to be clear that it is a subpart of the retail aggregate!since it should be summed with its other part to form the full aggregate on retail, so nut truly full coverage of L2, only the sum has to full coverage accross L2
R-083;aggregate_coverage.csv;C-204;placement auto-approved;(blank or 0);L2 under Reststroom · cov=full;aggregate not present at review time;11160;AGGREGAAT - Voedselreststromen detailhandel voeding (totaal);ok;Although this is a aggregate, I want it to be clear that it is a subpart of the retail aggregate!since it should be summed with its other part to form the full aggregate on retail, so nut truly full coverage of L2, only the sum has to full coverage accross L3
R-084;aggregate_coverage.csv;C-208;placement auto-approved;(blank or 0);L2 under Reststroom · cov=full;aggregate not present at review time;28759;AGGREGAAT - Voedselverliezen grootdistributie en supermarkten;ok;Although this is a aggregate, I want it to be clear that it is a subpart of the retail aggregate!since it should be summed with its other part to form the full aggregate on retail, so nut truly full coverage of L2, only the sum has to full coverage accross L4
R-085;aggregate_coverage.csv;C-209;placement auto-approved;(blank or 0);L2 under Reststroom · cov=full;aggregate not present at review time;8622;AGGREGAAT - Voedselverliezen detailhandel voeding;ok;Although this is a aggregate, I want it to be clear that it is a subpart of the retail aggregate!since it should be summed with its other part to form the full aggregate on retail, so nut truly full coverage of L2, only the sum has to full coverage accross L5
R-086;aggregate_coverage.csv;C-283;placement auto-approved;(blank or 0);L3 under Productievolume ¦ Varia · cov=Bakkerij,Zetmeel en zetmeelproducten,Dee;"was deferred with 0; the Varia L3 split resolved it";2102000;AGGREGAAT - Vervaardiging van maalderijproducten, zetmeelproducten, bakkerijproducten en deegwaren, productie hoofdstromen;ok;
R-087;aggregate_coverage.csv;C-284;placement auto-approved;(blank or 0);L3 under Reststroom ¦ Varia · cov=Bakkerij,Zetmeel en zetmeelproducten,Dee;"was deferred with 0; the Varia L3 split resolved it";671000;AGGREGAAT - Vervaardiging van maalderijproducten, zetmeelproducten, bakkerijproducten en deegwaren, productie nevenstromen en productieresiduen;ok;
R-088;aggregate_coverage.csv;C-285;placement auto-approved;(blank or 0);L3 under Productievolume ¦ Varia · cov=Chocolade,Suiker;"was deferred with 0; the Varia L3 split resolved it";1476000;AGGREGAAT - Vervaardiging van suiker en chocolade, productie hoofdstromen;ok;
R-089;aggregate_coverage.csv;C-286;placement auto-approved;(blank or 0);L3 under Reststroom ¦ Varia · cov=Chocolade,Suiker;"was deferred with 0; the Varia L3 split resolved it";403000;AGGREGAAT - Vervaardiging van suiker en chocolade, productie nevenstromen en productieresiduen;ok;
R-090;aggregate_coverage.csv;C-305;placement auto-approved;(blank or 0);L5 under Productievolume ¦ Dierlijk - vee ¦ Vlees ¦ Rund · cov=full;row promoted to AGGREGAAT this session;63770;AGGREGAAT - Rundsvlees, Vlaamse productie (totaal vers/gekoeld + bevroren + gezouten);ok;
R-091;aggregate_coverage.csv;C-306;placement auto-approved;(blank or 0);L5 under Productievolume ¦ Dierlijk - vee ¦ Vlees ¦ Varken · cov=full;row promoted to AGGREGAAT this session;442845;AGGREGAAT - Varkensvlees, Vlaamse productie (totaal vers/gekoeld + bevroren + gezouten);ok;
R-092;aggregate_coverage.csv;C-307;placement auto-approved;(blank or 0);L5 under Productievolume ¦ Dierlijk - vee ¦ Vlees ¦ Gevogelte · cov=full;row promoted to AGGREGAAT this session;549268;AGGREGAAT - Vlees van gevogelte, Vlaamse productie (totaal vers/gekoeld + bevroren);ok;
R-093;aggregate_coverage.csv;C-308;placement auto-approved;(blank or 0);L4 under Reststroom ¦ Dierlijk - vee ¦ Vlees · cov=full;row promoted to AGGREGAAT this session;217672;AGGREGAAT - Eetbare slachtafvallen, totaal (grootste nevenstroom van de vlees- en gevogeltesector);ok;
R-094;aggregate_coverage.csv;C-383;placement auto-approved;(blank or 0);L4 under Productievolume ¦ Varia ¦ Chocolade · cov=full;aggregate not present at review time;900000;AGGREGAAT - Chocolade, Vlaamse productie (schatting);ok;
R-095;aggregate_coverage.csv;C-384;placement auto-approved;(blank or 0);L3 under Productievolume ¦ Gemengd · cov=full;row promoted to AGGREGAAT this session;6175148;AGGREGAAT - Totaal mengvoeder, productie (BFA);ok;
R-096;aggregate_coverage.csv;C-468;placement auto-approved;(blank or 0);L3 under Productievolume ¦ Varia · cov=Bakkerij,Zetmeel en zetmeelproducten,Dee;"was deferred with 0; the Varia L3 split resolved it";2248000;AGGREGAAT - Vervaardiging van maalderijproducten, zetmeelproducten, bakkerijproducten en deegwaren, productie hoofdstromen;ok;
R-097;aggregate_coverage.csv;C-469;placement auto-approved;(blank or 0);L3 under Reststroom ¦ Varia · cov=Bakkerij,Zetmeel en zetmeelproducten,Dee;"was deferred with 0; the Varia L3 split resolved it";563000;AGGREGAAT - Vervaardiging van maalderijproducten, zetmeelproducten, bakkerijproducten en deegwaren, productie nevenstromen en productieresiduen;ok;
R-098;aggregate_coverage.csv;C-470;placement auto-approved;(blank or 0);L3 under Productievolume ¦ Varia · cov=Chocolade,Suiker;"was deferred with 0; the Varia L3 split resolved it";1356000;AGGREGAAT - Vervaardiging van suiker en chocolade, productie hoofdstromen;ok;
R-099;aggregate_coverage.csv;C-471;placement auto-approved;(blank or 0);L3 under Reststroom ¦ Varia · cov=Chocolade,Suiker;"was deferred with 0; the Varia L3 split resolved it";394000;AGGREGAAT - Vervaardiging van suiker en chocolade, productie nevenstromen en productieresiduen;ok;
R-100;aggregate_coverage.csv;C-493;placement auto-approved;(blank or 0);L4 under Reststroom ¦ Dierlijk - vee ¦ Vlees · cov=full;row promoted to AGGREGAAT this session;215958;AGGREGAAT - Eetbare slachtafvallen, totaal (grootste nevenstroom van de vlees- en gevogeltesector);ok;
R-101;aggregate_coverage.csv;C-576;placement auto-approved;(blank or 0);L4 under Productievolume ¦ Varia ¦ Chocolade · cov=full;aggregate not present at review time;800000;AGGREGAAT - Chocolade, Vlaamse productie (schatting);ok;
R-102;aggregate_coverage.csv;C-577;placement auto-approved;(blank or 0);L3 under Productievolume ¦ Gemengd · cov=full;row promoted to AGGREGAAT this session;6343558;AGGREGAAT - Totaal mengvoeder, productie (BFA);ok;
R-103;workbook · Streams;C-035;name prefixed AGGREGAAT;Aanvoer vis totaal;AGGREGAAT - Aanvoer vis totaal;the source calls it a totaal, so it must not sum with its parts;12519;AGGREGAAT - Aanvoer vis totaal;ok;
R-104;workbook · Streams;C-039;name prefixed AGGREGAAT;Voedselreststromen tuinbouw totaal;AGGREGAAT - Voedselreststromen tuinbouw totaal;the source calls it a totaal, so it must not sum with its parts;340886;AGGREGAAT - Voedselreststromen tuinbouw totaal;ok;
R-105;workbook · Streams;C-043;name prefixed AGGREGAAT;Voedselreststromen aardappelen (incl. niet-geoogst);AGGREGAAT - Voedselreststromen aardappelen (incl. niet-geoogst);the source calls it a totaal, so it must not sum with its parts;548305;AGGREGAAT - Voedselreststromen aardappelen (incl. niet-geoogst);ok;
R-106;workbook · Streams;C-044;name prefixed AGGREGAAT;Voedselreststromen akkerbouw totaal (excl. niet-geoogste aardappelen);AGGREGAAT - Voedselreststromen akkerbouw totaal (excl. niet-geoogste aardappelen);the source calls it a totaal, so it must not sum with its parts;269389;AGGREGAAT - Voedselreststromen akkerbouw totaal (excl. niet-geoogste aardappelen);ok;
R-107;workbook · Streams;C-045;name prefixed AGGREGAAT;Voedselreststromen akkerbouw totaal (incl. niet-geoogste aardappelen);AGGREGAAT - Voedselreststromen akkerbouw totaal (incl. niet-geoogste aardappelen);the source calls it a totaal, so it must not sum with its parts;577389;AGGREGAAT - Voedselreststromen akkerbouw totaal (incl. niet-geoogste aardappelen);ok;
R-108;workbook · Streams;C-048;name prefixed AGGREGAAT;Voedselreststromen veehouderij totaal;AGGREGAAT - Voedselreststromen veehouderij totaal;the source calls it a totaal, so it must not sum with its parts;13660;AGGREGAAT - Voedselreststromen veehouderij totaal;ok;
R-109;workbook · Streams;C-054;name prefixed AGGREGAAT;Voedselverliezen tuinbouw totaal;AGGREGAAT - Voedselverliezen tuinbouw totaal;the source calls it a totaal, so it must not sum with its parts;264093;AGGREGAAT - Voedselverliezen tuinbouw totaal;ok;
R-110;workbook · Streams;C-058;name prefixed AGGREGAAT;Voedselverliezen akkerbouw totaal (incl. niet-geoogste aardappelen);AGGREGAAT - Voedselverliezen akkerbouw totaal (incl. niet-geoogste aardappelen);the source calls it a totaal, so it must not sum with its parts;439249;AGGREGAAT - Voedselverliezen akkerbouw totaal (incl. niet-geoogste aardappelen);ok;
R-111;workbook · Streams;C-061;name prefixed AGGREGAAT;Voedselverliezen veehouderij totaal;AGGREGAAT - Voedselverliezen veehouderij totaal;the source calls it a totaal, so it must not sum with its parts;13532;AGGREGAAT - Voedselverliezen veehouderij totaal;ok;
R-112;workbook · Streams;C-065;name prefixed AGGREGAAT;Nevenstromen tuinbouw totaal;AGGREGAAT - Nevenstromen tuinbouw totaal;the source calls it a totaal, so it must not sum with its parts;76792;AGGREGAAT - Nevenstromen tuinbouw totaal;ok;
R-113;workbook · Streams;C-069;name prefixed AGGREGAAT;Nevenstromen akkerbouw totaal;AGGREGAAT - Nevenstromen akkerbouw totaal;the source calls it a totaal, so it must not sum with its parts;138140;AGGREGAAT - Nevenstromen akkerbouw totaal;ok;
R-114;workbook · Streams;C-072;name prefixed AGGREGAAT;Nevenstromen veehouderij totaal;AGGREGAAT - Nevenstromen veehouderij totaal;the source calls it a totaal, so it must not sum with its parts;128;AGGREGAAT - Nevenstromen veehouderij totaal;ok;
R-115;workbook · Streams;C-086;name prefixed AGGREGAAT;Aanvoer groenten en fruit PO's totaal (som van 10 belangrijkste);AGGREGAAT - Aanvoer groenten en fruit PO's totaal (som van 10 belangrijkste);the source calls it a totaal, so it must not sum with its parts;700000;AGGREGAAT - Aanvoer groenten en fruit PO's totaal (som van 10 belangrijkste);ok;this is a sub aggregate since it only covers 10 crops, so if all crops in a L3 groenten sectie this a subset on this
R-116;workbook · Streams;C-129;name prefixed AGGREGAAT;Aanvoer vis, totaal alle vissoorten;AGGREGAAT - Aanvoer vis, totaal alle vissoorten;the source calls it a totaal, so it must not sum with its parts;12795.6;AGGREGAAT - Aanvoer vis, totaal alle vissoorten;ok;
R-117;workbook · Streams;C-144;name prefixed AGGREGAAT;Opgehouden vis, totaal alle vissoorten (= totale voedselreststroom visveilingen);AGGREGAAT - Opgehouden vis, totaal alle vissoorten (= totale voedselreststroom visveilingen);the source calls it a totaal, so it must not sum with its parts;207.6;AGGREGAAT - Opgehouden vis, totaal alle vissoorten (= totale voedselreststroom visveilingen);ok;
R-118;workbook · Streams;C-149;name prefixed AGGREGAAT;Voedselreststromen groenten openlucht (totaal);AGGREGAAT - Voedselreststromen groenten openlucht (totaal);the source calls it a totaal, so it must not sum with its parts;260180;AGGREGAAT - Voedselreststromen groenten openlucht (totaal);ok;
R-119;workbook · Streams;C-150;name prefixed AGGREGAAT;Voedselreststromen groenten beschutte teelt (totaal);AGGREGAAT - Voedselreststromen groenten beschutte teelt (totaal);the source calls it a totaal, so it must not sum with its parts;21434;AGGREGAAT - Voedselreststromen groenten beschutte teelt (totaal);ok;
R-120;workbook · Streams;C-151;name prefixed AGGREGAAT;Voedselreststromen fruit (totaal);AGGREGAAT - Voedselreststromen fruit (totaal);the source calls it a totaal, so it must not sum with its parts;29329;AGGREGAAT - Voedselreststromen fruit (totaal);ok;
R-121;workbook · Streams;C-152;name prefixed AGGREGAAT;Voedselreststromen tuinbouw, totaal (totaal);AGGREGAAT - Voedselreststromen tuinbouw, totaal (totaal);the source calls it a totaal, so it must not sum with its parts;310944;AGGREGAAT - Voedselreststromen tuinbouw, totaal (totaal);ok;
R-122;workbook · Streams;C-153;name prefixed AGGREGAAT;Voedselreststromen granen (totaal);AGGREGAAT - Voedselreststromen granen (totaal);the source calls it a totaal, so it must not sum with its parts;3784;AGGREGAAT - Voedselreststromen granen (totaal);ok;
R-123;workbook · Streams;C-154;name prefixed AGGREGAAT;Voedselreststromen suikerbieten (totaal);AGGREGAAT - Voedselreststromen suikerbieten (totaal);the source calls it a totaal, so it must not sum with its parts;48662;AGGREGAAT - Voedselreststromen suikerbieten (totaal);ok;
R-124;workbook · Streams;C-155;name prefixed AGGREGAAT;Voedselreststromen aardappelen (totaal);AGGREGAAT - Voedselreststromen aardappelen (totaal);the source calls it a totaal, so it must not sum with its parts;102717;AGGREGAAT - Voedselreststromen aardappelen (totaal);ok;
R-125;workbook · Streams;C-156;name prefixed AGGREGAAT;Voedselreststromen akkerbouw, totaal (totaal);AGGREGAAT - Voedselreststromen akkerbouw, totaal (totaal);the source calls it a totaal, so it must not sum with its parts;155162;AGGREGAAT - Voedselreststromen akkerbouw, totaal (totaal);ok;
R-126;workbook · Streams;C-157;name prefixed AGGREGAAT;Voedselreststromen melk (totaal);AGGREGAAT - Voedselreststromen melk (totaal);the source calls it a totaal, so it must not sum with its parts;12007;AGGREGAAT - Voedselreststromen melk (totaal);ok;
R-127;workbook · Streams;C-158;name prefixed AGGREGAAT;Voedselreststromen eieren (totaal);AGGREGAAT - Voedselreststromen eieren (totaal);the source calls it a totaal, so it must not sum with its parts;982;AGGREGAAT - Voedselreststromen eieren (totaal);ok;
R-128;workbook · Streams;C-159;name prefixed AGGREGAAT;Voedselreststromen veehouderij, totaal (totaal);AGGREGAAT - Voedselreststromen veehouderij, totaal (totaal);the source calls it a totaal, so it must not sum with its parts;12989;AGGREGAAT - Voedselreststromen veehouderij, totaal (totaal);ok;
R-129;workbook · Streams;C-164;name prefixed AGGREGAAT;Voedselverliezen tuinbouw, totaal;AGGREGAAT - Voedselverliezen tuinbouw, totaal;the source calls it a totaal, so it must not sum with its parts;243114;AGGREGAAT - Voedselverliezen tuinbouw, totaal;ok;
R-130;workbook · Streams;C-168;name prefixed AGGREGAAT;Voedselverliezen akkerbouw, totaal;AGGREGAAT - Voedselverliezen akkerbouw, totaal;the source calls it a totaal, so it must not sum with its parts;92781;AGGREGAAT - Voedselverliezen akkerbouw, totaal;ok;
R-131;workbook · Streams;C-171;name prefixed AGGREGAAT;Voedselverliezen veehouderij, totaal;AGGREGAAT - Voedselverliezen veehouderij, totaal;the source calls it a totaal, so it must not sum with its parts;12891;AGGREGAAT - Voedselverliezen veehouderij, totaal;ok;
R-132;workbook · Streams;C-176;name prefixed AGGREGAAT;Nevenstromen tuinbouw, totaal;AGGREGAAT - Nevenstromen tuinbouw, totaal;the source calls it a totaal, so it must not sum with its parts;67830;AGGREGAAT - Nevenstromen tuinbouw, totaal;ok;
R-133;workbook · Streams;C-180;name prefixed AGGREGAAT;Nevenstromen akkerbouw, totaal;AGGREGAAT - Nevenstromen akkerbouw, totaal;the source calls it a totaal, so it must not sum with its parts;62381;AGGREGAAT - Nevenstromen akkerbouw, totaal;ok;
R-134;workbook · Streams;C-183;name prefixed AGGREGAAT;Nevenstromen veehouderij, totaal;AGGREGAAT - Nevenstromen veehouderij, totaal;the source calls it a totaal, so it must not sum with its parts;98;AGGREGAAT - Nevenstromen veehouderij, totaal;ok;
R-135;workbook · Streams;C-185;name prefixed AGGREGAAT;Voedselreststromen veehouderij, totaal (tekst p.41: 'afgerond 22.000 ton');AGGREGAAT - Voedselreststromen veehouderij, totaal (tekst p.41: 'afgerond 22.000 ton');the source calls it a totaal, so it must not sum with its parts;22000;AGGREGAAT - Voedselreststromen veehouderij, totaal (tekst p.41: 'afgerond 22.000 ton');fix;why is this so different from C159, has the same name so I expect these values to colapse into one
R-136;workbook · Streams;C-305;name prefixed AGGREGAAT;Rundsvlees, Vlaamse productie (totaal vers/gekoeld + bevroren + gezouten);AGGREGAAT - Rundsvlees, Vlaamse productie (totaal vers/gekoeld + bevroren + gezouten);the source calls it a totaal, so it must not sum with its parts;63770;AGGREGAAT - Rundsvlees, Vlaamse productie (totaal vers/gekoeld + bevroren + gezouten);ok;
R-137;workbook · Streams;C-306;name prefixed AGGREGAAT;Varkensvlees, Vlaamse productie (totaal vers/gekoeld + bevroren + gezouten);AGGREGAAT - Varkensvlees, Vlaamse productie (totaal vers/gekoeld + bevroren + gezouten);the source calls it a totaal, so it must not sum with its parts;442845;AGGREGAAT - Varkensvlees, Vlaamse productie (totaal vers/gekoeld + bevroren + gezouten);ok;
R-138;workbook · Streams;C-307;name prefixed AGGREGAAT;Vlees van gevogelte, Vlaamse productie (totaal vers/gekoeld + bevroren);AGGREGAAT - Vlees van gevogelte, Vlaamse productie (totaal vers/gekoeld + bevroren);the source calls it a totaal, so it must not sum with its parts;549268;AGGREGAAT - Vlees van gevogelte, Vlaamse productie (totaal vers/gekoeld + bevroren);ok;
R-139;workbook · Streams;C-308;name prefixed AGGREGAAT;Eetbare slachtafvallen, totaal (grootste nevenstroom van de vlees- en gevogeltesector);AGGREGAAT - Eetbare slachtafvallen, totaal (grootste nevenstroom van de vlees- en gevogeltesector);the source calls it a totaal, so it must not sum with its parts;217672;AGGREGAAT - Eetbare slachtafvallen, totaal (grootste nevenstroom van de vlees- en gevogeltesector);ok;
R-140;workbook · Streams;C-316;claim EXCLUDED;(blank);no - excluded;your crosswalk remark said to ignore it;41580.39;Mengsels van vruchten- en groentesappen (Prodcom 103217);ok;
R-141;workbook · Streams;C-317;claim EXCLUDED;(blank);no - excluded;your crosswalk remark said to ignore it;15303.74;Sap van andere vruchten of groenten (Prodcom 103219);ok;
R-142;workbook · Streams;C-320;claim EXCLUDED;(blank);no - excluded;your crosswalk remark said to ignore it;13246;Groenten, vruchten en andere eetbare plantendelen, bereid of verduurzaamd IN azijn of azijnzuur (Prodcom 103918);ok;
R-143;workbook · Streams;C-340;claim EXCLUDED;(blank);no - excluded;your crosswalk remark said to ignore it;66426;Dierlijke en plantaardige vetten en olien, gehydrogeneerd of veresterd (Prodcom 104160);ok;
R-144;workbook · Streams;C-366;claim EXCLUDED;(blank);no - excluded;your crosswalk remark said to ignore it;201787;Suikerwerk zonder cacao, witte chocolade daaronder begrepen (Prodcom 108223);ok;
R-145;workbook · Streams;C-367;claim EXCLUDED;(blank);no - excluded;your crosswalk remark said to ignore it;296212;Sausen, samengestelde kruiderijen, mosterdmeel en bereide mosterd (Prodcom 108412);ok;
R-146;workbook · Streams;C-368;claim EXCLUDED;(blank);no - excluded;your crosswalk remark said to ignore it;42037;Bereide maaltijden en schotels op basis van vlees, slachtafvallen of bloed (Prodcom 108511);ok;
R-147;workbook · Streams;C-369;claim EXCLUDED;(blank);no - excluded;your crosswalk remark said to ignore it;9875;Bereide maaltijden en schotels op basis van vis, schaaldieren of weekdieren (Prodcom 108512);ok;
R-148;workbook · Streams;C-370;claim EXCLUDED;(blank);no - excluded;your crosswalk remark said to ignore it;27800;Bereide maaltijden en schotels op basis van groenten (Prodcom 108513);ok;
R-149;workbook · Streams;C-371;claim EXCLUDED;(blank);no - excluded;your crosswalk remark said to ignore it;74151;Bereide maaltijden en schotels op basis van deegwaren (Prodcom 108514);ok;
R-150;workbook · Streams;C-372;claim EXCLUDED;(blank);no - excluded;your crosswalk remark said to ignore it;2956;Andere bereide maaltijden en schotels (Prodcom 108519);ok;
R-151;workbook · Streams;C-373;claim EXCLUDED;(blank);no - excluded;your crosswalk remark said to ignore it;6816;Gehomogeniseerde voedingspreparaten en dieetvoeding (Prodcom 108610);ok;
R-152;workbook · Streams;C-374;claim EXCLUDED;(blank);no - excluded;your crosswalk remark said to ignore it;17484;Preparaten voor soep of voor bouillon, bereide soep en bouillon (Prodcom 108911);ok;
R-153;workbook · Streams;C-376;claim EXCLUDED;(blank);no - excluded;your crosswalk remark said to ignore it;138901;Gist, ook indien inactief, en samengesteld bakpoeder (Prodcom 108913);ok;
R-154;workbook · Streams;C-377;claim EXCLUDED;(blank);no - excluded;your crosswalk remark said to ignore it;41360;Voedingssupplementen bestemd voor menselijke consumptie (Prodcom 108917);ok;
R-155;workbook · Streams;C-378;claim EXCLUDED;(blank);no - excluded;your crosswalk remark said to ignore it;398207;Andere voedingsmiddelen, n.e.g. (Prodcom 108919);ok;
R-156;workbook · Streams;C-384;name prefixed AGGREGAAT;Totaal mengvoeder, productie (BFA);AGGREGAAT - Totaal mengvoeder, productie (BFA);the source calls it a totaal, so it must not sum with its parts;6175148;AGGREGAAT - Totaal mengvoeder, productie (BFA);ok;BUT, same as C577 this entree can be excluded, so we can ignore this decision and just exclude it
R-157;workbook · Streams;C-391;claim EXCLUDED;(blank);no - excluded;your crosswalk remark said to ignore it;7716604;Bereide veevoeders, met uitzondering van luzernemeel en luzerne in pellets (Prodcom 109110);ok;
R-158;workbook · Streams;C-392;claim EXCLUDED;(blank);no - excluded;your crosswalk remark said to ignore it;198524;Bereide voeders voor huisdieren (Prodcom 109210);ok;
R-159;workbook · Streams;C-493;name prefixed AGGREGAAT;Eetbare slachtafvallen, totaal (grootste nevenstroom van de vlees- en gevogeltesector);AGGREGAAT - Eetbare slachtafvallen, totaal (grootste nevenstroom van de vlees- en gevogeltesector);the source calls it a totaal, so it must not sum with its parts;215958;AGGREGAAT - Eetbare slachtafvallen, totaal (grootste nevenstroom van de vlees- en gevogeltesector);ok;
R-160;workbook · Streams;C-502;claim EXCLUDED;(blank);no - excluded;your crosswalk remark said to ignore it;6521.84;Sap van pompelmoezen/pomelo's (Prodcom 103213);ok;
R-161;workbook · Streams;C-503;claim EXCLUDED;(blank);no - excluded;your crosswalk remark said to ignore it;4732.09;Ananassap (Prodcom 103214);ok;
R-162;workbook · Streams;C-505;claim EXCLUDED;(blank);no - excluded;your crosswalk remark said to ignore it;46271.62;Mengsels van vruchten- en groentesappen (Prodcom 103217);ok;
R-163;workbook · Streams;C-506;claim EXCLUDED;(blank);no - excluded;your crosswalk remark said to ignore it;16262.46;Sap van andere vruchten of groenten (Prodcom 103219);ok;
R-164;workbook · Streams;C-509;claim EXCLUDED;(blank);no - excluded;your crosswalk remark said to ignore it;11195;Groenten, vruchten en andere eetbare plantendelen, bereid of verduurzaamd IN azijn of azijnzuur (Prodcom 103918);ok;
R-165;workbook · Streams;C-530;claim EXCLUDED;(blank);no - excluded;your crosswalk remark said to ignore it;66426;Dierlijke en plantaardige vetten en olien, gehydrogeneerd of veresterd (Prodcom 104160);ok;
R-166;workbook · Streams;C-559;claim EXCLUDED;(blank);no - excluded;your crosswalk remark said to ignore it;184547;Suikerwerk zonder cacao, witte chocolade daaronder begrepen (Prodcom 108223);ok;
R-167;workbook · Streams;C-561;claim EXCLUDED;(blank);no - excluded;your crosswalk remark said to ignore it;264606;Sausen, samengestelde kruiderijen, mosterdmeel en bereide mosterd (Prodcom 108412);ok;
R-168;workbook · Streams;C-562;claim EXCLUDED;(blank);no - excluded;your crosswalk remark said to ignore it;41334;Bereide maaltijden en schotels op basis van vlees, slachtafvallen of bloed (Prodcom 108511);ok;
R-169;workbook · Streams;C-563;claim EXCLUDED;(blank);no - excluded;your crosswalk remark said to ignore it;8312;Bereide maaltijden en schotels op basis van vis, schaaldieren of weekdieren (Prodcom 108512);ok;
R-170;workbook · Streams;C-564;claim EXCLUDED;(blank);no - excluded;your crosswalk remark said to ignore it;26237;Bereide maaltijden en schotels op basis van groenten (Prodcom 108513);ok;
R-171;workbook · Streams;C-565;claim EXCLUDED;(blank);no - excluded;your crosswalk remark said to ignore it;71313;Bereide maaltijden en schotels op basis van deegwaren (Prodcom 108514);ok;
R-172;workbook · Streams;C-566;claim EXCLUDED;(blank);no - excluded;your crosswalk remark said to ignore it;1759;Andere bereide maaltijden en schotels (Prodcom 108519);ok;
R-173;workbook · Streams;C-567;claim EXCLUDED;(blank);no - excluded;your crosswalk remark said to ignore it;17921;Preparaten voor soep of voor bouillon, bereide soep en bouillon (Prodcom 108911);ok;
R-174;workbook · Streams;C-569;claim EXCLUDED;(blank);no - excluded;your crosswalk remark said to ignore it;122948;Gist, ook indien inactief, en samengesteld bakpoeder (Prodcom 108913);ok;
R-175;workbook · Streams;C-570;claim EXCLUDED;(blank);no - excluded;your crosswalk remark said to ignore it;32300;Voedingssupplementen bestemd voor menselijke consumptie (Prodcom 108917);ok;
R-176;workbook · Streams;C-571;claim EXCLUDED;(blank);no - excluded;your crosswalk remark said to ignore it;394370;Andere voedingsmiddelen, n.e.g. (Prodcom 108919);ok;
R-177;workbook · Streams;C-577;claim EXCLUDED;(blank);no - excluded;your crosswalk remark said to ignore it;6343558;AGGREGAAT - Totaal mengvoeder, productie (BFA);ok;
R-178;workbook · Streams;C-577;name prefixed AGGREGAAT;Totaal mengvoeder, productie (BFA);AGGREGAAT - Totaal mengvoeder, productie (BFA);the source calls it a totaal, so it must not sum with its parts;6343558;AGGREGAAT - Totaal mengvoeder, productie (BFA);ok;-> just above this decided to remove this entree, so wee can skip this decision if its removed
R-179;workbook · Streams;C-578;claim EXCLUDED;(blank);no - excluded;your crosswalk remark said to ignore it;3275151;Varkensvoeder, productie (BFA);ok;
R-180;workbook · Streams;C-579;claim EXCLUDED;(blank);no - excluded;your crosswalk remark said to ignore it;1428010;Rundveevoeder, productie (BFA);ok;
R-181;workbook · Streams;C-580;claim EXCLUDED;(blank);no - excluded;your crosswalk remark said to ignore it;1172787;Pluimveevoeder, productie (BFA);ok;
R-182;workbook · Streams;C-581;claim EXCLUDED;(blank);no - excluded;your crosswalk remark said to ignore it;467609;Andere mengvoeders, productie (BFA);ok;
R-183;workbook · Streams;C-582;claim EXCLUDED;(blank);no - excluded;your crosswalk remark said to ignore it;242179;Voormengsels, productie (BFA);ok;
R-184;workbook · Streams;C-583;claim EXCLUDED;(blank);no - excluded;your crosswalk remark said to ignore it;7509423;Mengvoeder, productie volgens PRODCOM;ok;
R-185;workbook · Streams;C-584;claim EXCLUDED;(blank);no - excluded;your crosswalk remark said to ignore it;7810524;Bereide veevoeders, met uitzondering van luzernemeel en luzerne in pellets (Prodcom 109110);ok;
R-186;workbook · Streams;C-585;claim EXCLUDED;(blank);no - excluded;your crosswalk remark said to ignore it;201771;Bereide voeders voor huisdieren (Prodcom 109210);ok;
R-187;workbook · Streams;C-343;LEFT as component (no change);component;component;equals a sum of siblings but I judged it coincidence - = C-344+345+346+347+348, but Prodcom classes overlap - likely coincidence;554,74;;ok;but look into the source and vrify if this is a component, or the total of C344 - C348
R-188;workbook · Streams;C-533;LEFT as component (no change);component;component;equals a sum of siblings but I judged it coincidence - = C-534+537+541, same caveat;598,447;;ok;but look into the source and vrify if this is a component, or the total of C-534+537+541
R-189;workbook · Streams;C-541;LEFT as component (no change);component;component;equals a sum of siblings but I judged it coincidence - = C-536+537+539, same caveat;328,573;;ok;but look into the source and vrify if this is a component, or the total of C-536+537+539
