stream_code;parameter_code;value_type;value_num;value_min;value_max;sd;n_samples;unit_code;basis_code;method_code;value_origin;source_key;source_ref;year;reported_label;variant;restatement;flag;transcription;DECISION;notes
dierlijk-vet;dry_matter;point;999;;;;;g/kg;fresh;;measured;foodwasteexplorer-eurofir;FoodWasteEXplorer: Online European Feedstock Atlas basis version;;Animal fats / Dry Matter;Animal fats;no;;machine;;
dierlijk-vet;organic_matter;point;999;;;;;g/kg;dry;;measured;foodwasteexplorer-eurofir;FoodWasteEXplorer: Online European Feedstock Atlas basis version;;Animal fats / Organic matter;Animal fats;no;;machine;;
bostel;adf;point;20.1;;;;;%;dry;;measured;foodwasteexplorer-eurofir;FoodWasteEXplorer: Digestion kinetics of neutral detergent fiber and chemical composition within some selected by-product feedstuffs;;Brewer's grains / Acid Detergent Fibre (ADF);Brewer's grains;no;;machine;;
bostel;adf;point;23.5;;;;;%;unknown;;measured;foodwasteexplorer-eurofir;FoodWasteEXplorer: Wet brewers' grains for beef cattle;;Brewer's grains / Acid Detergent Fibre (ADF);Brewer's grains - Wet;no;;machine;;the source does not state the basis Wet
bostel;adf;point;15.5;;;;;%;dry;;measured;foodwasteexplorer-eurofir;FoodWasteEXplorer: Digestion kinetics of neutral detergent fiber and chemical composition within some selected by-product feedstuffs;;Brewer's grains / Acid Detergent Fibre (ADF);Brewer's grains;no;;machine;;
bostel;adf;point;21;;;;;%;dry;;measured;foodwasteexplorer-eurofir;FoodWasteEXplorer: 2012FeedComp;;Brewer's grains / Acid Detergent Fibre (ADF);Brewer's grains - Wet;no;;machine;;Wet
bostel;adf;point;20.06;;;;;%;dry;;measured;foodwasteexplorer-eurofir;FoodWasteEXplorer: Digestion kinetics of neutral detergent fiber and chemical composition within some selected by-product feedstuffs;;Brewer's grains / Acid Detergent Fibre (ADF);Brewer's grains;no;;machine;;
bostel;adf;point;24;;;;;%;dry;;measured;foodwasteexplorer-eurofir;FoodWasteEXplorer: 2012FeedComp;;Brewer's grains / Acid Detergent Fibre (ADF);Brewer's grains - Dried;no;;machine;;Dried
bostel;ash;point;2.92;;;;;%;dry;;measured;foodwasteexplorer-eurofir;FoodWasteEXplorer: Digestion kinetics of neutral detergent fiber and chemical composition within some selected by-product feedstuffs;;Brewer's grains / Ash;Brewer's grains;no;;machine;;
bostel;ash;point;3.76;;;;;%;dry;;measured;foodwasteexplorer-eurofir;FoodWasteEXplorer: Digestion kinetics of neutral detergent fiber and chemical composition within some selected by-product feedstuffs;;Brewer's grains / Ash;Brewer's grains;no;;machine;;
bostel;ash;point;4;;;;;%;dry;;measured;foodwasteexplorer-eurofir;FoodWasteEXplorer: 2012FeedComp;;Brewer's grains / Ash;Brewer's grains - Wet;no;;machine;;Wet
bostel;ash;point;4;;;;;%;dry;;measured;foodwasteexplorer-eurofir;FoodWasteEXplorer: 2012FeedComp;;Brewer's grains / Ash;Brewer's grains - Dried;no;;machine;;Dried
bostel;ash;point;4.19;;;;;%;dry;;measured;foodwasteexplorer-eurofir;FoodWasteEXplorer: Digestion kinetics of neutral detergent fiber and chemical composition within some selected by-product feedstuffs;;Brewer's grains / Ash;Brewer's grains;no;;machine;;
bostel;calcium;point;0.3;;;;;%;dry;;measured;foodwasteexplorer-eurofir;FoodWasteEXplorer: 2012FeedComp;;Brewer's grains / Calcium;Brewer's grains - Dried;no;;machine;;Dried
bostel;calcium;point;0.35;;;;;%;unknown;;measured;foodwasteexplorer-eurofir;FoodWasteEXplorer: Wet brewers' grains for beef cattle;;Brewer's grains / Calcium;Brewer's grains - Wet;no;;machine;;the source does not state the basis Wet
bostel;calcium;point;0.3;;;;;%;dry;;measured;foodwasteexplorer-eurofir;FoodWasteEXplorer: 2012FeedComp;;Brewer's grains / Calcium;Brewer's grains - Wet;no;;machine;;Wet
bostel;cellulose;point;147;;;;;g/kg;dry;;measured;foodwasteexplorer-eurofir;FoodWasteEXplorer: Chemical and physicochemical characterisation of co-products from the vegetable food and agro industries;;Brewer's grains / Cellulose;Brewer's grains - Spent;no;;machine;;Spent
bloemkool-loof;adf;point;19.4;;;;;%;dry;;measured;foodwasteexplorer-eurofir;FoodWasteEXplorer: Vegetable waste as animal feed paper;;Cauliflower leaves / Acid Detergent Fibre (ADF);Cauliflower leaves - Brassica oleracea;no;;machine;;Brassica oleracea
bloemkool-loof;adf;point;19.4;;;;;%;dry;;measured;foodwasteexplorer-eurofir;FoodWasteEXplorer: Utilization of fruit and vegetable wastes, FAO;;Cauliflower leaves / Acid Detergent Fibre (ADF);Cauliflower leaves - Brassica oleracea B.;no;;machine;;Brassica oleracea B.
bloemkool-loof;ash;point;13.7;;;;;%;dry;;measured;foodwasteexplorer-eurofir;FoodWasteEXplorer: Vegetable waste as animal feed paper;;Cauliflower leaves / Ash;Cauliflower leaves - Brassica oleracea;no;;machine;;Brassica oleracea
bloemkool-loof;ash;point;13.7;;;;;%;dry;;measured;foodwasteexplorer-eurofir;FoodWasteEXplorer: Utilization of fruit and vegetable wastes, FAO;;Cauliflower leaves / Ash;Cauliflower leaves - Brassica oleracea B.;no;;machine;;Brassica oleracea B.
bloemkool-loof;calcium;point;2.17;;;;;%;dry;;measured;foodwasteexplorer-eurofir;FoodWasteEXplorer: Vegetable waste as animal feed paper;;Cauliflower leaves / Calcium;Cauliflower leaves - Brassica oleracea;no;;machine;;Brassica oleracea
bloemkool-loof;calcium;point;2.17;;;;;%;dry;;measured;foodwasteexplorer-eurofir;FoodWasteEXplorer: Utilization of fruit and vegetable wastes, FAO;;Cauliflower leaves / Calcium;Cauliflower leaves - Brassica oleracea B.;no;;machine;;Brassica oleracea B.
bloemkool-loof;c_n_ratio;point;12.1;;;;;ratio;n.a.;;measured;foodwasteexplorer-eurofir;FoodWasteEXplorer: Cropgen database;;Cauliflower leaves / Carbon/nitrogen ratio;Cauliflower leaves - Brassica Oleracea var. Botrytis;no;;machine;;Brassica Oleracea var. Botrytis
bloemkool-loof;c_n_ratio;point;11;;;;;ratio;n.a.;;measured;foodwasteexplorer-eurofir;FoodWasteEXplorer: Cropgen database;;Cauliflower leaves / Carbon/nitrogen ratio;Cauliflower leaves - Brassica Oleracea var. Botrytis;no;;machine;;Brassica Oleracea var. Botrytis
bloemkool-loof;cellulose;point;15.2;;;;;%;dry;;measured;foodwasteexplorer-eurofir;FoodWasteEXplorer: Vegetable waste as animal feed paper;;Cauliflower leaves / Cellulose;Cauliflower leaves - Brassica oleracea;no;;machine;;Brassica oleracea
bloemkool-loof;cellulose;point;15.2;;;;;%;dry;;measured;foodwasteexplorer-eurofir;FoodWasteEXplorer: Utilization of fruit and vegetable wastes, FAO;;Cauliflower leaves / Cellulose;Cauliflower leaves - Brassica oleracea B.;no;;machine;;Brassica oleracea B.
bloemkool-loof;copper;point;4;;;;;mg/kg;unknown;;measured;foodwasteexplorer-eurofir;FoodWasteEXplorer: Vegetable waste as animal feed paper;;Cauliflower leaves / Copper;Cauliflower leaves - Brassica oleracea;no;;machine;;mg per 1000 g is mg/kg Brassica oleracea
bloemkool-loof;dry_matter;point;13;;;;;g/kg;fresh;;measured;foodwasteexplorer-eurofir;FoodWasteEXplorer: Utilization of fruit and vegetable wastes, FAO;;Cauliflower leaves / Dry Matter;Cauliflower leaves - Brassica oleracea B.;no;;machine;;Brassica oleracea B.
bloemkool-loof;dry_matter;point;13;;;;;%;fresh;;measured;foodwasteexplorer-eurofir;FoodWasteEXplorer: Vegetable waste as animal feed paper;;Cauliflower leaves / Dry Matter;Cauliflower leaves - Brassica oleracea;no;;machine;;Brassica oleracea
bloemkool-loof;dry_matter;point;21.2;;;;;%;fresh;;measured;foodwasteexplorer-eurofir;FoodWasteEXplorer: Cropgen database;;Cauliflower leaves / Dry Matter;Cauliflower leaves - Brassica Oleracea var. Botrytis;no;;machine;;Brassica Oleracea var. Botrytis
bloemkool-loof;dry_matter;point;11.2;;;;;%;fresh;;measured;foodwasteexplorer-eurofir;FoodWasteEXplorer: Cropgen database;;Cauliflower leaves / Dry Matter;Cauliflower leaves - Brassica Oleracea var. Botrytis;no;;machine;;Brassica Oleracea var. Botrytis
bloemkool-loof;fat_total;point;4.2;;;;;%;dry;ee-diethyl;measured;foodwasteexplorer-eurofir;FoodWasteEXplorer: Utilization of fruit and vegetable wastes, FAO;;Cauliflower leaves / Fat, crude;Cauliflower leaves - Brassica oleracea B.;no;;machine;;Brassica oleracea B.
bloemkool-loof;fat_total;point;4.2;;;;;%;dry;ee-diethyl;measured;foodwasteexplorer-eurofir;FoodWasteEXplorer: Vegetable waste as animal feed paper;;Cauliflower leaves / Fat, crude;Cauliflower leaves - Brassica oleracea;no;;machine;;Brassica oleracea
bloemkool-loof;hemicellulose;point;8.1;;;;;%;dry;;measured;foodwasteexplorer-eurofir;FoodWasteEXplorer: Utilization of fruit and vegetable wastes, FAO;;Cauliflower leaves / Hemicellulose;Cauliflower leaves - Brassica oleracea B.;no;;machine;;Brassica oleracea B.
bloemkool-loof;hemicellulose;point;8.1;;;;;%;dry;;measured;foodwasteexplorer-eurofir;FoodWasteEXplorer: Vegetable waste as animal feed paper;;Cauliflower leaves / Hemicellulose;Cauliflower leaves - Brassica oleracea;no;;machine;;Brassica oleracea
bloemkool-loof;iron;point;387;;;;;mg/kg;unknown;;measured;foodwasteexplorer-eurofir;FoodWasteEXplorer: Vegetable waste as animal feed paper;;Cauliflower leaves / Iron;Cauliflower leaves - Brassica oleracea;no;;machine;;mg per 1000 g is mg/kg Brassica oleracea
bloemkool-loof;magnesium;point;0.44;;;;;%;dry;;measured;foodwasteexplorer-eurofir;FoodWasteEXplorer: Utilization of fruit and vegetable wastes, FAO;;Cauliflower leaves / Magnesium;Cauliflower leaves - Brassica oleracea B.;no;;machine;;Brassica oleracea B.
bloemkool-loof;magnesium;point;0.44;;;;;%;dry;;measured;foodwasteexplorer-eurofir;FoodWasteEXplorer: Vegetable waste as animal feed paper;;Cauliflower leaves / Magnesium;Cauliflower leaves - Brassica oleracea;no;;machine;;Brassica oleracea
bloemkool-loof;manganese;point;40.8;;;;;mg/kg;unknown;;measured;foodwasteexplorer-eurofir;FoodWasteEXplorer: Vegetable waste as animal feed paper;;Cauliflower leaves / Manganese;Cauliflower leaves - Brassica oleracea;no;;machine;;mg per 1000 g is mg/kg Brassica oleracea
bloemkool-loof;ndf;point;27.5;;;;;%;dry;;measured;foodwasteexplorer-eurofir;FoodWasteEXplorer: Vegetable waste as animal feed paper;;Cauliflower leaves / Neutral Detergent Fibre;Cauliflower leaves - Brassica oleracea;no;;machine;;Brassica oleracea
bloemkool-loof;organic_matter;point;86.4;;;;;%;dry;;measured;foodwasteexplorer-eurofir;FoodWasteEXplorer: Utilization of fruit and vegetable wastes, FAO;;Cauliflower leaves / Organic matter;Cauliflower leaves - Brassica oleracea B.;no;;machine;;Brassica oleracea B.
bloemkool-loof;organic_matter;point;86.4;;;;;%;dry;;measured;foodwasteexplorer-eurofir;FoodWasteEXplorer: Vegetable waste as animal feed paper;;Cauliflower leaves / Organic matter;Cauliflower leaves - Brassica oleracea;no;;machine;;Brassica oleracea
bloemkool-loof;total_polyphenols;point;5.9;;;;;%;dry;;measured;foodwasteexplorer-eurofir;FoodWasteEXplorer: Utilization of fruit and vegetable wastes, FAO;;Cauliflower leaves / Phenolics, total;Cauliflower leaves - Brassica oleracea B.;no;;machine;;Brassica oleracea B.
lijnzaad-schroot;adf;point;17;;;;;%;dry;;measured;foodwasteexplorer-eurofir;FoodWasteEXplorer: 2012FeedComp;;Linseed meal / Acid Detergent Fibre (ADF);Linseed meal - Mech.Ext;no;;machine;;Mech.Ext
lijnzaad-schroot;adf;point;18;;;;;%;dry;;measured;foodwasteexplorer-eurofir;FoodWasteEXplorer: 2012FeedComp;;Linseed meal / Acid Detergent Fibre (ADF);Linseed meal - Solv.Ext;no;;machine;;Solv.Ext
lijnzaad-schroot;ash;point;6;;;;;%;dry;;measured;foodwasteexplorer-eurofir;FoodWasteEXplorer: 2012FeedComp;;Linseed meal / Ash;Linseed meal - Solv.Ext;no;;machine;;Solv.Ext
lijnzaad-schroot;ash;point;6;;;;;%;dry;;measured;foodwasteexplorer-eurofir;FoodWasteEXplorer: 2012FeedComp;;Linseed meal / Ash;Linseed meal - Mech.Ext;no;;machine;;Mech.Ext
lijnzaad-schroot;calcium;point;0.42;;;;;%;dry;;measured;foodwasteexplorer-eurofir;FoodWasteEXplorer: 2012FeedComp;;Linseed meal / Calcium;Linseed meal - Mech.Ext;no;;machine;;Mech.Ext
lijnzaad-schroot;calcium;point;0.43;;;;;%;dry;;measured;foodwasteexplorer-eurofir;FoodWasteEXplorer: 2012FeedComp;;Linseed meal / Calcium;Linseed meal - Solv.Ext;no;;machine;;Solv.Ext
lijnzaad-schroot;chloride;point;0.04;;;;;%;dry;;measured;foodwasteexplorer-eurofir;FoodWasteEXplorer: 2012FeedComp;;Linseed meal / Chloride;Linseed meal - Solv.Ext;no;;machine;;Solv.Ext
lijnzaad-schroot;chloride;point;0.04;;;;;%;dry;;measured;foodwasteexplorer-eurofir;FoodWasteEXplorer: 2012FeedComp;;Linseed meal / Chloride;Linseed meal - Mech.Ext;no;;machine;;Mech.Ext
lijnzaad-schroot;dry_matter;point;91;;;;;%;fresh;;measured;foodwasteexplorer-eurofir;FoodWasteEXplorer: 2012FeedComp;;Linseed meal / Dry Matter;Linseed meal - Mech.Ext;no;;machine;;Mech.Ext
lijnzaad-schroot;dry_matter;point;91;;;;;%;fresh;;measured;foodwasteexplorer-eurofir;FoodWasteEXplorer: 2012FeedComp;;Linseed meal / Dry Matter;Linseed meal - Solv.Ext;no;;machine;;Solv.Ext
lijnzaad-schroot;ndf;point;23;;;;;%;dry;ndf-amylase;measured;foodwasteexplorer-eurofir;FoodWasteEXplorer: 2012FeedComp;;Linseed meal / eNeutral Detergent Fibre;Linseed meal - Solv.Ext;no;;machine;;the source's 'e' prefix marks the enzymatic (amylase) variant Solv.Ext
lijnzaad-schroot;ndf;point;23;;;;;%;dry;ndf-amylase;measured;foodwasteexplorer-eurofir;FoodWasteEXplorer: 2012FeedComp;;Linseed meal / eNeutral Detergent Fibre;Linseed meal - Mech.Ext;no;;machine;;the source's 'e' prefix marks the enzymatic (amylase) variant Mech.Ext
aardappel-loof;dry_matter;point;25;;;;;%;fresh;;measured;foodwasteexplorer-eurofir;FoodWasteEXplorer: Feedipedia;;Potato, aerial part / Dry Matter;Potato, aerial part - Ensiled;no;TREATED MATERIAL, not the untreated stream: the source describes this sample as 'Ensiled'. A treatment changes exactly the fractions a valorisation route cares about, so this row is comparable with other treated samples and not with the raw stream.;machine;;Ensiled
aardappel-loof;hhv;point;17.2;;;;;MJ/kg;dry;;measured;foodwasteexplorer-eurofir;FoodWasteEXplorer: Feedipedia;;Potato, aerial part / Energy, gross;Potato, aerial part - Ensiled;no;TREATED MATERIAL, not the untreated stream: the source describes this sample as 'Ensiled'. A treatment changes exactly the fractions a valorisation route cares about, so this row is comparable with other treated samples and not with the raw stream.;machine;;gross energy is the calorific value fuel sources call HHV Ensiled
aardappel-loof;fat_total;point;10.8;;;;;%;dry;ee-diethyl;measured;foodwasteexplorer-eurofir;FoodWasteEXplorer: Feedipedia;;Potato, aerial part / Fat, crude;Potato, aerial part - Ensiled;no;TREATED MATERIAL, not the untreated stream: the source describes this sample as 'Ensiled'. A treatment changes exactly the fractions a valorisation route cares about, so this row is comparable with other treated samples and not with the raw stream.;machine;;Ensiled
aardappel-loof;crude_protein;point;12.8;;;;;%;dry;;measured;foodwasteexplorer-eurofir;FoodWasteEXplorer: Feedipedia;;Potato, aerial part / Protein, crude;Potato, aerial part - Ensiled;no;TREATED MATERIAL, not the untreated stream: the source describes this sample as 'Ensiled'. A treatment changes exactly the fractions a valorisation route cares about, so this row is comparable with other treated samples and not with the raw stream.;machine;;Ensiled
aardappel-loof;ash;point;10.8;;;;;%;dry;;measured;foodwasteexplorer-eurofir;FoodWasteEXplorer: Feedipedia;;Potato leaves, dried / Ash;Potato leaves, dried - Dried;no;;machine;;Dried
aardappel-loof;calcium;point;13.9;;;;;g/kg;dry;;measured;foodwasteexplorer-eurofir;FoodWasteEXplorer: Feedipedia;;Potato leaves, dried / Calcium;Potato leaves, dried - Dried;no;;machine;;Dried
aardappel-loof;dry_matter;point;91.2;;;;;%;fresh;;measured;foodwasteexplorer-eurofir;FoodWasteEXplorer: Feedipedia;;Potato leaves, dried / Dry Matter;Potato leaves, dried - Dried;no;;machine;;Dried
aardappel-loof;hhv;point;19.3;;;;;MJ/kg;dry;;measured;foodwasteexplorer-eurofir;FoodWasteEXplorer: Feedipedia;;Potato leaves, dried / Energy, gross;Potato leaves, dried - Dried;no;;machine;;gross energy is the calorific value fuel sources call HHV Dried
aardappel-loof;fat_total;point;6.4;;;;;%;dry;ee-diethyl;measured;foodwasteexplorer-eurofir;FoodWasteEXplorer: Feedipedia;;Potato leaves, dried / Fat, crude;Potato leaves, dried - Dried;no;;machine;;Dried
aardappel-loof;crude_fibre;point;39.1;;;;;%;dry;;measured;foodwasteexplorer-eurofir;FoodWasteEXplorer: Feedipedia;;Potato leaves, dried / Fibre, crude;Potato leaves, dried - Dried;no;;machine;;Dried
aardappel-loof;phosphorus;point;1.4;;;;;g/kg;dry;;measured;foodwasteexplorer-eurofir;FoodWasteEXplorer: Feedipedia;;Potato leaves, dried / Phosphorus;Potato leaves, dried - Dried;no;;machine;;Dried
aardappel-loof;crude_protein;point;17.5;;;;;%;dry;;measured;foodwasteexplorer-eurofir;FoodWasteEXplorer: Feedipedia;;Potato leaves, dried / Protein, crude;Potato leaves, dried - Dried;no;;machine;;Dried
aardappel-loof;ash;point;19;;;;;%;dry;;measured;foodwasteexplorer-eurofir;FoodWasteEXplorer: 2012FeedComp;;Potato vine silage / Ash;Potato vine silage;no;;machine;;
aardappel-loof;calcium;point;2.1;;;;;%;dry;;measured;foodwasteexplorer-eurofir;FoodWasteEXplorer: 2012FeedComp;;Potato vine silage / Calcium;Potato vine silage;no;;machine;;
aardappel-loof;dry_matter;point;15;;;;;%;fresh;;measured;foodwasteexplorer-eurofir;FoodWasteEXplorer: 2012FeedComp;;Potato vine silage / Dry Matter;Potato vine silage;no;;machine;;
aardappel-loof;fat_total;point;3.7;;;;;%;dry;ee-diethyl;measured;foodwasteexplorer-eurofir;FoodWasteEXplorer: 2012FeedComp;;Potato vine silage / Fat, crude;Potato vine silage;no;;machine;;
aardappel-loof;crude_fibre;point;26;;;;;%;dry;;measured;foodwasteexplorer-eurofir;FoodWasteEXplorer: 2012FeedComp;;Potato vine silage / Fibre, crude;Potato vine silage;no;;machine;;
aardappel-loof;phosphorus;point;0.29;;;;;%;dry;;measured;foodwasteexplorer-eurofir;FoodWasteEXplorer: 2012FeedComp;;Potato vine silage / Phosphorus;Potato vine silage;no;;machine;;
aardappel-loof;potassium;point;4;;;;;%;dry;;measured;foodwasteexplorer-eurofir;FoodWasteEXplorer: 2012FeedComp;;Potato vine silage / Potassium;Potato vine silage;no;;machine;;
aardappel-loof;crude_protein;point;15;;;;;%;dry;;measured;foodwasteexplorer-eurofir;FoodWasteEXplorer: 2012FeedComp;;Potato vine silage / Protein, crude;Potato vine silage;no;;machine;;
aardappel-loof;adf;range;;23;30;;;%;dry;;measured;foodwasteexplorer-eurofir;FoodWasteEXplorer: Vegetable waste as animal feed paper;;Potato vines / Acid Detergent Fibre (ADF);Potato vines - Solanum tuberosum;no;;machine;;Solanum tuberosum
aardappel-loof;ash;range;;12;18;;;%;dry;;measured;foodwasteexplorer-eurofir;FoodWasteEXplorer: Vegetable waste as animal feed paper;;Potato vines / Ash;Potato vines - Solanum tuberosum;no;;machine;;Solanum tuberosum
aardappel-loof;dry_matter;point;11.7;;;;;%;fresh;;measured;foodwasteexplorer-eurofir;FoodWasteEXplorer: Vegetable waste as animal feed paper;;Potato vines / Dry Matter;Potato vines - Solanum tuberosum;no;;machine;;Solanum tuberosum
aardappel-loof;ndf;range;;28.6;35.9;;;%;dry;;measured;foodwasteexplorer-eurofir;FoodWasteEXplorer: Vegetable waste as animal feed paper;;Potato vines / Neutral Detergent Fibre;Potato vines - Solanum tuberosum;no;;machine;;Solanum tuberosum
aardappel-loof;crude_protein;range;;19.4;26.1;;;%;dry;;measured;foodwasteexplorer-eurofir;FoodWasteEXplorer: Vegetable waste as animal feed paper;;Potato vines / Protein, crude;Potato vines - Solanum tuberosum;no;;machine;;Solanum tuberosum
raapzaad-schroot;ash;point;68;;;;;g/kg;dry;;measured;foodwasteexplorer-eurofir;FoodWasteEXplorer: Assessment of the feasibility of including high levels of oilseed meals in the diets of juvenile Chinese mitten crabs (Eriocheir sinensis): Effects on growth, non-specific immunity, hepatopancreatic function, and intestinal morphology;;Rapeseed meal / Ash;Rapeseed meal;no;;machine;;
raapzaad-schroot;dry_matter;point;887;;;;;g/kg;fresh;;measured;foodwasteexplorer-eurofir;FoodWasteEXplorer: Online European Feedstock Atlas basis version;;Rapeseed meal / Dry Matter;Rapeseed meal - Extraction meal;no;;machine;;Extraction meal
raapzaad-schroot;dry_matter;point;900;;;;;g/kg;fresh;;measured;foodwasteexplorer-eurofir;FoodWasteEXplorer: Distillery feed by-products briefing;;Rapeseed meal / Dry Matter;Rapeseed meal;no;;machine;;
raapzaad-schroot;dry_matter;point;914;;;;;g/kg;fresh;;measured;foodwasteexplorer-eurofir;FoodWasteEXplorer: Assessment of the feasibility of including high levels of oilseed meals in the diets of juvenile Chinese mitten crabs (Eriocheir sinensis): Effects on growth, non-specific immunity, hepatopancreatic function, and intestinal morphology;;Rapeseed meal / Dry Matter;Rapeseed meal;no;;machine;;
raapzaad-schroot;hhv;point;19.1;;;;;MJ/kg;dry;;measured;foodwasteexplorer-eurofir;FoodWasteEXplorer: Assessment of the feasibility of including high levels of oilseed meals in the diets of juvenile Chinese mitten crabs (Eriocheir sinensis): Effects on growth, non-specific immunity, hepatopancreatic function, and intestinal morphology;;Rapeseed meal / Energy, gross;Rapeseed meal;no;;machine;;gross energy is the calorific value fuel sources call HHV
soja-schroot;adf;point;112;;;;;g/kg;dry;;measured;foodwasteexplorer-eurofir;FoodWasteEXplorer: Apparent digestibility of high-fat rapeseed press cake in growing pigs and effects on feed intake, growth and weight of thyroid and liver;;Soybean meal / Acid Detergent Fibre (ADF);Soybean meal - Soya bean;no;;machine;;Soya bean
soja-schroot;ash;point;50;;;;;g/kg;dry;;measured;foodwasteexplorer-eurofir;FoodWasteEXplorer: Assessment of the feasibility of including high levels of oilseed meals in the diets of juvenile Chinese mitten crabs (Eriocheir sinensis): Effects on growth, non-specific immunity, hepatopancreatic function, and intestinal morphology;;Soybean meal / Ash;Soybean meal;no;;machine;;
soja-schroot;ash;point;61;;;;;g/kg;unknown;;measured;foodwasteexplorer-eurofir;FoodWasteEXplorer: Chemical composition, digestible protein and energy values of some alternative feedstuffs for pigs in Brazil;;Soybean meal / Ash;Soybean meal - solv;no;;machine;;the source does not state the basis solv
soja-schroot;ash;point;65;;;;;g/kg;dry;;measured;foodwasteexplorer-eurofir;FoodWasteEXplorer: Wet barley distillers solids as a protein source for growing pigs;;Soybean meal / Ash;Soybean meal - Soyabean meal;no;;machine;;Soyabean meal
soja-schroot;ash;point;68;;;;;g/kg;dry;;measured;foodwasteexplorer-eurofir;FoodWasteEXplorer: Apparent digestibility of high-fat rapeseed press cake in growing pigs and effects on feed intake, growth and weight of thyroid and liver;;Soybean meal / Ash, crude;Soybean meal - Soya bean;no;;machine;;"the source writes 'crude ash'; same determination Soya bean"
soja-schroot;calcium;point;2.8;;;;;g/kg;unknown;;measured;foodwasteexplorer-eurofir;FoodWasteEXplorer: Chemical composition, digestible protein and energy values of some alternative feedstuffs for pigs in Brazil;;Soybean meal / Calcium;Soybean meal - solv;no;;machine;;the source does not state the basis solv
soja-schroot;copper;point;21.7;;;;;mg/kg;unknown;;measured;foodwasteexplorer-eurofir;FoodWasteEXplorer: Chemical composition, digestible protein and energy values of some alternative feedstuffs for pigs in Brazil;;Soybean meal / Copper;Soybean meal - solv;no;;machine;;solv
soja-schroot;dry_matter;point;887;;;;;g/kg;fresh;;measured;foodwasteexplorer-eurofir;FoodWasteEXplorer: Online European Feedstock Atlas basis version;;Soybean meal / Dry Matter;Soybean meal - Extraction meal;no;;machine;;Extraction meal
soja-schroot;dry_matter;point;888;;;;;g/kg;fresh;;measured;foodwasteexplorer-eurofir;FoodWasteEXplorer: Wet barley distillers solids as a protein source for growing pigs;;Soybean meal / Dry Matter;Soybean meal - Soyabean meal;no;;machine;;Soyabean meal
soja-schroot;dry_matter;point;901;;;;;g/kg;fresh;;measured;foodwasteexplorer-eurofir;FoodWasteEXplorer: Assessment of the feasibility of including high levels of oilseed meals in the diets of juvenile Chinese mitten crabs (Eriocheir sinensis): Effects on growth, non-specific immunity, hepatopancreatic function, and intestinal morphology;;Soybean meal / Dry Matter;Soybean meal;no;;machine;;
soja-schroot;dry_matter;point;864;;;;;g/kg;fresh;;measured;foodwasteexplorer-eurofir;FoodWasteEXplorer: Apparent digestibility of high-fat rapeseed press cake in growing pigs and effects on feed intake, growth and weight of thyroid and liver;;Soybean meal / Dry Matter;Soybean meal - Soya bean;no;;machine;;Soya bean
soja-schroot;dry_matter;point;883;;;;;g/kg;fresh;;measured;foodwasteexplorer-eurofir;FoodWasteEXplorer: Chemical composition, digestible protein and energy values of some alternative feedstuffs for pigs in Brazil;;Soybean meal / Dry Matter;Soybean meal - solv;no;;machine;;solv
suikerbiet-loof;adf;point;21.1;;;;;%;dry;;measured;foodwasteexplorer-eurofir;FoodWasteEXplorer: Utilization of fruit and vegetable wastes, FAO;;Sugar beet leaves / Acid Detergent Fibre (ADF);Sugar beet leaves - Beta vulgaris;no;;machine;;Beta vulgaris
suikerbiet-loof;adf;point;21.1;;;;;%;dry;;measured;foodwasteexplorer-eurofir;FoodWasteEXplorer: Vegetable waste as animal feed paper;;Sugar beet leaves / Acid Detergent Fibre (ADF);Sugar beet leaves - Beta vulgaris;no;;machine;;Beta vulgaris
suikerbiet-loof;arsenic;point;6.6;;;;;mg/kg;unknown;;measured;foodwasteexplorer-eurofir;FoodWasteEXplorer: Utilization of fruit and vegetable wastes, FAO;;Sugar beet leaves / Arsenic;Sugar beet leaves - Beta vulgaris;no;;machine;;ppm read as mg/kg Beta vulgaris
suikerbiet-loof;ash;point;21;;;;;%;dry;;measured;foodwasteexplorer-eurofir;FoodWasteEXplorer: Utilization of fruit and vegetable wastes, FAO;;Sugar beet leaves / Ash;Sugar beet leaves - Beta vulgaris;no;;machine;;Beta vulgaris
suikerbiet-loof;ash;point;21;;;;;%;dry;;measured;foodwasteexplorer-eurofir;FoodWasteEXplorer: Vegetable waste as animal feed paper;;Sugar beet leaves / Ash;Sugar beet leaves - Beta vulgaris;no;;machine;;Beta vulgaris
suikerbiet-loof;cadmium;point;0.42;;;;;mg/kg;unknown;;measured;foodwasteexplorer-eurofir;FoodWasteEXplorer: Utilization of fruit and vegetable wastes, FAO;;Sugar beet leaves / Cadmium;Sugar beet leaves - Beta vulgaris;no;;machine;;ppm read as mg/kg Beta vulgaris
suikerbiet-loof;calcium;point;0.88;;;;;%;dry;;measured;foodwasteexplorer-eurofir;FoodWasteEXplorer: Vegetable waste as animal feed paper;;Sugar beet leaves / Calcium;Sugar beet leaves - Beta vulgaris;no;;machine;;Beta vulgaris
suikerbiet-loof;calcium;point;0.88;;;;;%;dry;;measured;foodwasteexplorer-eurofir;FoodWasteEXplorer: Utilization of fruit and vegetable wastes, FAO;;Sugar beet leaves / Calcium;Sugar beet leaves - Beta vulgaris;no;;machine;;Beta vulgaris
suikerbiet-loof;cellulose;point;11.4;;;;;%;dry;;measured;foodwasteexplorer-eurofir;FoodWasteEXplorer: Utilization of fruit and vegetable wastes, FAO;;Sugar beet leaves / Cellulose;Sugar beet leaves - Beta vulgaris;no;;machine;;Beta vulgaris
suikerbiet-loof;cellulose;point;11.4;;;;;%;dry;;measured;foodwasteexplorer-eurofir;FoodWasteEXplorer: Vegetable waste as animal feed paper;;Sugar beet leaves / Cellulose;Sugar beet leaves - Beta vulgaris;no;;machine;;Beta vulgaris
suikerbiet-loof;chromium;point;3.5;;;;;mg/kg;unknown;;measured;foodwasteexplorer-eurofir;FoodWasteEXplorer: Utilization of fruit and vegetable wastes, FAO;;Sugar beet leaves / Chromium;Sugar beet leaves - Beta vulgaris;no;;machine;;ppm read as mg/kg Beta vulgaris
suikerbiet-loof;copper;point;8.5;;;;;mg/kg;unknown;;measured;foodwasteexplorer-eurofir;FoodWasteEXplorer: Vegetable waste as animal feed paper;;Sugar beet leaves / Copper;Sugar beet leaves - Beta vulgaris;no;;machine;;mg per 1000 g is mg/kg Beta vulgaris
suikerbiet-loof;dry_matter;point;10;;;;;%;fresh;;measured;foodwasteexplorer-eurofir;FoodWasteEXplorer: Vegetable waste as animal feed paper;;Sugar beet leaves / Dry Matter;Sugar beet leaves - Beta vulgaris;no;;machine;;Beta vulgaris
suikerbiet-loof;dry_matter;point;23.4;;;;;%;fresh;;measured;foodwasteexplorer-eurofir;FoodWasteEXplorer: Cropgen database;;Sugar beet leaves / Dry Matter;Sugar beet leaves - Silage;no;TREATED MATERIAL, not the untreated stream: the source describes this sample as 'Silage'. A treatment changes exactly the fractions a valorisation route cares about, so this row is comparable with other treated samples and not with the raw stream.;machine;;Silage
suikerbiet-loof;dry_matter;point;18.1;;;;;%;fresh;;measured;foodwasteexplorer-eurofir;FoodWasteEXplorer: Cropgen database;;Sugar beet leaves / Dry Matter;Sugar beet leaves - Fresh;no;;machine;;Fresh
suikerbiet-loof;dry_matter;point;154;;;;;g/kg;fresh;;measured;foodwasteexplorer-eurofir;FoodWasteEXplorer: Online European Feedstock Atlas basis version;;Sugar beet leaves / Dry Matter;Sugar beet leaves - Silage;no;TREATED MATERIAL, not the untreated stream: the source describes this sample as 'Silage'. A treatment changes exactly the fractions a valorisation route cares about, so this row is comparable with other treated samples and not with the raw stream.;machine;;Silage
suikerbiet-loof;dry_matter;point;170;;;;;g/kg;fresh;;measured;foodwasteexplorer-eurofir;FoodWasteEXplorer: Online European Feedstock Atlas basis version;;Sugar beet leaves / Dry Matter;Sugar beet leaves - Fresh, for feeding;no;;machine;;Fresh, for feeding
suikerbiet-loof;dry_matter;point;166;;;;;g/kg;fresh;;measured;foodwasteexplorer-eurofir;FoodWasteEXplorer: Online European Feedstock Atlas basis version;;Sugar beet leaves / Dry Matter;Sugar beet leaves - Silage, for feeding;no;TREATED MATERIAL, not the untreated stream: the source describes this sample as 'Silage, for feeding'. A treatment changes exactly the fractions a valorisation route cares about, so this row is comparable with other treated samples and not with the raw stream.;machine;;Silage, for feeding
suikerbiet-loof;dry_matter;point;10;;;;;%;fresh;;measured;foodwasteexplorer-eurofir;FoodWasteEXplorer: Utilization of fruit and vegetable wastes, FAO;;Sugar beet leaves / Dry Matter;Sugar beet leaves - Beta vulgaris;no;;machine;;Beta vulgaris
suikerbiet-loof;fat_total;point;3.5;;;;;%;dry;ee-diethyl;measured;foodwasteexplorer-eurofir;FoodWasteEXplorer: Vegetable waste as animal feed paper;;Sugar beet leaves / Fat, crude;Sugar beet leaves - Beta vulgaris;no;;machine;;Beta vulgaris
suikerbiet-loof;fat_total;point;3.5;;;;;%;dry;ee-diethyl;measured;foodwasteexplorer-eurofir;FoodWasteEXplorer: Utilization of fruit and vegetable wastes, FAO;;Sugar beet leaves / Fat, crude;Sugar beet leaves - Beta vulgaris;no;;machine;;Beta vulgaris
suikerbiet-loof;hemicellulose;point;21.2;;;;;%;dry;;measured;foodwasteexplorer-eurofir;FoodWasteEXplorer: Vegetable waste as animal feed paper;;Sugar beet leaves / Hemicellulose;Sugar beet leaves - Beta vulgaris;no;;machine;;Beta vulgaris
suikerbiet-loof;hemicellulose;point;21.2;;;;;%;dry;;measured;foodwasteexplorer-eurofir;FoodWasteEXplorer: Utilization of fruit and vegetable wastes, FAO;;Sugar beet leaves / Hemicellulose;Sugar beet leaves - Beta vulgaris;no;;machine;;Beta vulgaris
suikerbiet-loof;iron;point;677;;;;;mg/kg;unknown;;measured;foodwasteexplorer-eurofir;FoodWasteEXplorer: Vegetable waste as animal feed paper;;Sugar beet leaves / Iron;Sugar beet leaves - Beta vulgaris;no;;machine;;mg per 1000 g is mg/kg Beta vulgaris
zemelen;adf;point;14;;;;;%;dry;;measured;foodwasteexplorer-eurofir;FoodWasteEXplorer: 2012FeedComp;;Wheat bran / Acid Detergent Fibre (ADF);Wheat bran;no;;machine;;
zemelen;ash;point;46;;;;;g/kg;unknown;;measured;foodwasteexplorer-eurofir;FoodWasteEXplorer: Chemical composition, digestible protein and energy values of some alternative feedstuffs for pigs in Brazil;;Wheat bran / Ash;Wheat bran;no;;machine;;the source does not state the basis
zemelen;ash;point;7;;;;;%;dry;;measured;foodwasteexplorer-eurofir;FoodWasteEXplorer: 2012FeedComp;;Wheat bran / Ash;Wheat bran;no;;machine;;
zemelen;calcium;point;1.1;;;;;g/kg;unknown;;measured;foodwasteexplorer-eurofir;FoodWasteEXplorer: Chemical composition, digestible protein and energy values of some alternative feedstuffs for pigs in Brazil;;Wheat bran / Calcium;Wheat bran;no;;machine;;the source does not state the basis
zemelen;calcium;point;0.13;;;;;%;dry;;measured;foodwasteexplorer-eurofir;FoodWasteEXplorer: 2012FeedComp;;Wheat bran / Calcium;Wheat bran;no;;machine;;
zemelen;chloride;point;0.05;;;;;%;dry;;measured;foodwasteexplorer-eurofir;FoodWasteEXplorer: 2012FeedComp;;Wheat bran / Chloride;Wheat bran;no;;machine;;
zemelen;copper;point;14;;;;;mg/kg;unknown;;measured;foodwasteexplorer-eurofir;FoodWasteEXplorer: Chemical composition, digestible protein and energy values of some alternative feedstuffs for pigs in Brazil;;Wheat bran / Copper;Wheat bran;no;;machine;;
zemelen;dry_matter;point;846;;;;;g/kg;fresh;;measured;foodwasteexplorer-eurofir;FoodWasteEXplorer: Addition of rice straw or/and wheat bran on composition, ruminal degradability and voluntary intake of bamboo shoot shells silage fed to sheep;;Wheat bran / Dry Matter;Wheat bran;no;;machine;;
zemelen;dry_matter;point;878;;;;;g/kg;fresh;;measured;foodwasteexplorer-eurofir;FoodWasteEXplorer: Chemical composition, digestible protein and energy values of some alternative feedstuffs for pigs in Brazil;;Wheat bran / Dry Matter;Wheat bran;no;;machine;;
zemelen;dry_matter;point;89;;;;;%;fresh;;measured;foodwasteexplorer-eurofir;FoodWasteEXplorer: 2012FeedComp;;Wheat bran / Dry Matter;Wheat bran;no;;machine;;
zemelen;dry_matter;point;885;;;;;g/kg;fresh;;measured;foodwasteexplorer-eurofir;FoodWasteEXplorer: Online European Feedstock Atlas basis version;;Wheat bran / Dry Matter;Wheat bran;no;;machine;;
tarwe-stro;adf;point;55;;;;;%;dry;;measured;foodwasteexplorer-eurofir;FoodWasteEXplorer: 2012FeedComp;;Wheat straw / Acid Detergent Fibre (ADF);Wheat straw - Ammoniated;no;TREATED MATERIAL, not the untreated stream: the source describes this sample as 'Ammoniated'. A treatment changes exactly the fractions a valorisation route cares about, so this row is comparable with other treated samples and not with the raw stream.;machine;;Ammoniated
tarwe-stro;adf;point;48.06;;;;;%;dry;;measured;foodwasteexplorer-eurofir;FoodWasteEXplorer: Agrocycle D1.5 Report on the main agricultural value chains in China and corresponding regulations;;Wheat straw / Acid Detergent Fibre (ADF);Wheat straw - 1218 fully ripe wheat straw samples collected in China;no;;machine;;1218 fully ripe wheat straw samples collected in China
tarwe-stro;adf;point;57;;;;;%;dry;;measured;foodwasteexplorer-eurofir;FoodWasteEXplorer: 2012FeedComp;;Wheat straw / Acid Detergent Fibre (ADF);Wheat straw;no;;machine;;
tarwe-stro;ash;point;9;;;;;%;dry;;measured;foodwasteexplorer-eurofir;FoodWasteEXplorer: 2012FeedComp;;Wheat straw / Ash;Wheat straw - Ammoniated;no;TREATED MATERIAL, not the untreated stream: the source describes this sample as 'Ammoniated'. A treatment changes exactly the fractions a valorisation route cares about, so this row is comparable with other treated samples and not with the raw stream.;machine;;Ammoniated
tarwe-stro;ash;point;8;;;;;%;dry;;measured;foodwasteexplorer-eurofir;FoodWasteEXplorer: 2012FeedComp;;Wheat straw / Ash;Wheat straw;no;;machine;;
tarwe-stro;ash;point;8.95;;;;;%;dry;;measured;foodwasteexplorer-eurofir;FoodWasteEXplorer: Agrocycle D1.5 Report on the main agricultural value chains in China and corresponding regulations;;Wheat straw / Ash;Wheat straw - 1218 fully ripe wheat straw samples collected in China;no;;machine;;1218 fully ripe wheat straw samples collected in China
tarwe-stro;calcium;point;0.17;;;;;%;dry;;measured;foodwasteexplorer-eurofir;FoodWasteEXplorer: 2012FeedComp;;Wheat straw / Calcium;Wheat straw;no;;machine;;
tarwe-stro;calcium;point;0.15;;;;;%;dry;;measured;foodwasteexplorer-eurofir;FoodWasteEXplorer: 2012FeedComp;;Wheat straw / Calcium;Wheat straw - Ammoniated;no;TREATED MATERIAL, not the untreated stream: the source describes this sample as 'Ammoniated'. A treatment changes exactly the fractions a valorisation route cares about, so this row is comparable with other treated samples and not with the raw stream.;machine;;Ammoniated
tarwe-stro;total_carbon;point;42.05;;;;;%;dry;;measured;foodwasteexplorer-eurofir;FoodWasteEXplorer: Agrocycle D1.5 Report on the main agricultural value chains in China and corresponding regulations;;Wheat straw / Carbon;Wheat straw - 1218 fully ripe wheat straw samples collected in China;no;;machine;;1218 fully ripe wheat straw samples collected in China
tarwe-stro;fixed_carbon;point;17.88;;;;;%;dry;;measured;foodwasteexplorer-eurofir;FoodWasteEXplorer: Agrocycle D1.5 Report on the main agricultural value chains in China and corresponding regulations;;Wheat straw / Carbon, fixed;Wheat straw - 1218 fully ripe wheat straw samples collected in China;no;;machine;;1218 fully ripe wheat straw samples collected in China
tarwe-stro;cellulose;point;38.95;;;;;%;dry;;measured;foodwasteexplorer-eurofir;FoodWasteEXplorer: Agrocycle D1.5 Report on the main agricultural value chains in China and corresponding regulations;;Wheat straw / Cellulose;Wheat straw - 1218 fully ripe wheat straw samples collected in China;no;;machine;;1218 fully ripe wheat straw samples collected in China
tarwe-stro;chloride;point;0.3;;;;;%;dry;;measured;foodwasteexplorer-eurofir;FoodWasteEXplorer: 2012FeedComp;;Wheat straw / Chloride;Wheat straw - Ammoniated;no;TREATED MATERIAL, not the untreated stream: the source describes this sample as 'Ammoniated'. A treatment changes exactly the fractions a valorisation route cares about, so this row is comparable with other treated samples and not with the raw stream.;machine;;Ammoniated
tarwe-stro;chloride;point;0.32;;;;;%;dry;;measured;foodwasteexplorer-eurofir;FoodWasteEXplorer: 2012FeedComp;;Wheat straw / Chloride;Wheat straw;no;;machine;;
tarwe-stro;dry_matter;point;85;;;;;%;fresh;;measured;foodwasteexplorer-eurofir;FoodWasteEXplorer: 2012FeedComp;;Wheat straw / Dry Matter;Wheat straw - Ammoniated;no;TREATED MATERIAL, not the untreated stream: the source describes this sample as 'Ammoniated'. A treatment changes exactly the fractions a valorisation route cares about, so this row is comparable with other treated samples and not with the raw stream.;machine;;Ammoniated
tarwe-stro;dry_matter;point;860;;;;;g/kg;fresh;;measured;foodwasteexplorer-eurofir;FoodWasteEXplorer: Online European Feedstock Atlas basis version;;Wheat straw / Dry Matter;Wheat straw;no;;machine;;
tarwe-stro;dry_matter;point;91;;;;;%;fresh;;measured;foodwasteexplorer-eurofir;FoodWasteEXplorer: 2012FeedComp;;Wheat straw / Dry Matter;Wheat straw;no;;machine;;
tarwe-stro;dry_matter;point;94.61;;;;;%;unknown;;measured;foodwasteexplorer-eurofir;FoodWasteEXplorer: Agrocycle D1.5 Report on the main agricultural value chains in China and corresponding regulations;;Wheat straw / Dry Matter;Wheat straw - 1218 fully ripe wheat straw samples collected in China;no;;machine;;the source does not state the basis 1218 fully ripe wheat straw samples collected in China
tarwe-stro;dry_matter;point;90.2;;;;;%;fresh;;measured;foodwasteexplorer-eurofir;FoodWasteEXplorer: Cropgen database;;Wheat straw / Dry Matter;Wheat straw;no;;machine;;
tarwe-stro;ndf;point;98;;;;;%;dry;ndf-amylase;measured;foodwasteexplorer-eurofir;FoodWasteEXplorer: 2012FeedComp;;Wheat straw / eNeutral Detergent Fibre;Wheat straw;no;;machine;;the source's 'e' prefix marks the enzymatic (amylase) variant
tarwe-stro;ndf;point;98;;;;;%;dry;ndf-amylase;measured;foodwasteexplorer-eurofir;FoodWasteEXplorer: 2012FeedComp;;Wheat straw / eNeutral Detergent Fibre;Wheat straw - Ammoniated;no;TREATED MATERIAL, not the untreated stream: the source describes this sample as 'Ammoniated'. A treatment changes exactly the fractions a valorisation route cares about, so this row is comparable with other treated samples and not with the raw stream.;machine;;the source's 'e' prefix marks the enzymatic (amylase) variant Ammoniated
tarwe-stro;fat_total;point;1.8;;;;;%;dry;ee-diethyl;measured;foodwasteexplorer-eurofir;FoodWasteEXplorer: 2012FeedComp;;Wheat straw / Fat, crude;Wheat straw;no;;machine;;
tarwe-stro;fat_total;point;1.5;;;;;%;dry;ee-diethyl;measured;foodwasteexplorer-eurofir;FoodWasteEXplorer: 2012FeedComp;;Wheat straw / Fat, crude;Wheat straw - Ammoniated;no;TREATED MATERIAL, not the untreated stream: the source describes this sample as 'Ammoniated'. A treatment changes exactly the fractions a valorisation route cares about, so this row is comparable with other treated samples and not with the raw stream.;machine;;Ammoniated
zuivelnevenstroom;arsenic;point;0.09;;;;;mg/kg;dry;;measured;foodwasteexplorer-eurofir;FoodWasteEXplorer: NOSHAN;;Whey / Arsenic;Whey - Milk;no;;machine;;ppm read as mg/kg Milk
zuivelnevenstroom;ash;point;7.22;;;;;%;dry;;measured;foodwasteexplorer-eurofir;FoodWasteEXplorer: NOSHAN;;Whey / Ash;Whey - Milk;no;;machine;;Milk
zuivelnevenstroom;calcium;point;6785;;;;;mg/kg;dry;;measured;foodwasteexplorer-eurofir;FoodWasteEXplorer: NOSHAN;;Whey / Calcium;Whey - Milk;no;;machine;;ppm read as mg/kg Milk
zuivelnevenstroom;total_carbon;point;46.28;;;;;%;dry;;measured;foodwasteexplorer-eurofir;FoodWasteEXplorer: NOSHAN;;Whey / Carbon;Whey - Milk;no;;machine;;Milk
zuivelnevenstroom;fixed_carbon;point;9.98;;;;;%;dry;;measured;foodwasteexplorer-eurofir;FoodWasteEXplorer: NOSHAN;;Whey / Carbon, fixed;Whey - Milk;no;;machine;;Milk
zuivelnevenstroom;cod;point;81050;;;;;mg/L;n.a.;;measured;foodwasteexplorer-eurofir;FoodWasteEXplorer: Amelioration of lactic acid production from cheese whey using micro-aeration;;Whey / Chemical oxygen demand, total;Whey - Cheese;no;;machine;;Cheese
zuivelnevenstroom;copper;point;0.2;;;;;mg/kg;dry;;measured;foodwasteexplorer-eurofir;FoodWasteEXplorer: NOSHAN;;Whey / Copper;Whey - Milk;no;;machine;;ppm read as mg/kg Milk
zuivelnevenstroom;hhv;point;17.21;;;;;MJ/kg;dry;;measured;foodwasteexplorer-eurofir;FoodWasteEXplorer: NOSHAN;;Whey / Heating value, high;Whey - Milk;no;;machine;;Milk
zuivelnevenstroom;lhv;point;15.56;;;;;MJ/kg;dry;;measured;foodwasteexplorer-eurofir;FoodWasteEXplorer: NOSHAN;;Whey / Heating value, low;Whey - Milk;no;;machine;;Milk
zuivelnevenstroom;hydrogen;point;7.21;;;;;%;dry;;measured;foodwasteexplorer-eurofir;FoodWasteEXplorer: NOSHAN;;Whey / Hydrogen;Whey - Milk;no;;machine;;Milk
zuivelnevenstroom;lactose;point;5;;;;;g/100g;unknown;;measured;foodwasteexplorer-eurofir;FoodWasteEXplorer: Amelioration of lactic acid production from cheese whey using micro-aeration;;Whey / Lactose;Whey - Cheese;no;;machine;;Cheese
zuivelnevenstroom;lead;point;0.14;;;;;mg/kg;dry;;measured;foodwasteexplorer-eurofir;FoodWasteEXplorer: NOSHAN;;Whey / Lead;Whey - Milk;no;;machine;;ppm read as mg/kg Milk
aardappel-stoomschillen;adf;point;63.0;;;;;g/kg;dry;;measured;foodwasteexplorer-eurofir;FoodWasteEXplorer: A review of the utility of potato by-products as a feed resource for smallholder pig production;;Potato peel / Acid Detergent Fibre (ADF);Potato peel - A review of different publications;no;;machine;;A review of different publications
aardappel-stoomschillen;ash;point;7.4;;;;;g/kg;dry;;measured;foodwasteexplorer-eurofir;FoodWasteEXplorer: A review of the utility of potato by-products as a feed resource for smallholder pig production;;Potato peel / Ash;Potato peel - Fermented. A review of different publications;no;TREATED MATERIAL, not the untreated stream: the source describes this sample as 'Fermented. A review of different publications'. A treatment changes exactly the fractions a valorisation route cares about, so this row is comparable with other treated samples and not with the raw stream.;machine;;Fermented. A review of different publications
aardappel-stoomschillen;ash;point;7.0;;;;;%;unknown;;measured;foodwasteexplorer-eurofir;FoodWasteEXplorer: Production of alkaline protease by a thermophilic Bacillus subtilis under solid-state fermentation (SSF) condition using Imperata cylindrica grass and potato peel as low-cost medium: Characterization and application of enzyme in detergent formulation;;Potato peel / Ash;Potato peel;no;;machine;;the source does not state the basis
aardappel-stoomschillen;ash;range;;62.2;111;;;g/kg;dry;;measured;foodwasteexplorer-eurofir;FoodWasteEXplorer: A review of the utility of potato by-products as a feed resource for smallholder pig production;;Potato peel / Ash;Potato peel - A review of different publications;no;;machine;;A review of different publications
aardappel-stoomschillen;ash;point;10.04;;;;;%;dry;;measured;foodwasteexplorer-eurofir;FoodWasteEXplorer: A comparative evaluation of antioxidant and antidiabetic potential of peel from young and matured potato;;Potato peel / Ash;Potato peel - Young potato peel - potatoes harvested after 14 weeks;no;;machine;;Young potato peel - potatoes harvested after 14 weeks
aardappel-stoomschillen;ash;point;10.56;;;;;%;dry;;measured;foodwasteexplorer-eurofir;FoodWasteEXplorer: A comparative evaluation of antioxidant and antidiabetic potential of peel from young and matured potato;;Potato peel / Ash;Potato peel - Mature potato peel - potatoes harvested after 20 weeks;no;;machine;;Mature potato peel - potatoes harvested after 20 weeks
aardappel-stoomschillen;calcium;range;;0.07;2.40;;;g/kg;dry;;measured;foodwasteexplorer-eurofir;FoodWasteEXplorer: A review of the utility of potato by-products as a feed resource for smallholder pig production;;Potato peel / Calcium;Potato peel - A review of different publications;no;;machine;;A review of different publications
aardappel-stoomschillen;total_carbon;point;51.7;;;;;%;unknown;;measured;foodwasteexplorer-eurofir;FoodWasteEXplorer: Production of alkaline protease by a thermophilic Bacillus subtilis under solid-state fermentation (SSF) condition using Imperata cylindrica grass and potato peel as low-cost medium: Characterization and application of enzyme in detergent formulation;;Potato peel / Carbon;Potato peel;no;;machine;;the source does not state the basis
aardappel-stoomschillen;c_n_ratio;point;19.9;;;;;ratio;n.a.;;measured;foodwasteexplorer-eurofir;FoodWasteEXplorer: Production of alkaline protease by a thermophilic Bacillus subtilis under solid-state fermentation (SSF) condition using Imperata cylindrica grass and potato peel as low-cost medium: Characterization and application of enzyme in detergent formulation;;Potato peel / Carbon/nitrogen ratio;Potato peel;no;;machine;;
aardappel-stoomschillen;cellulose;point;25.0;;;;;g/kg;dry;;measured;foodwasteexplorer-eurofir;FoodWasteEXplorer: A review of the utility of potato by-products as a feed resource for smallholder pig production;;Potato peel / Cellulose;Potato peel - A review of different publications;no;;machine;;A review of different publications
aardappel-stoomschillen;dry_matter;point;129;;;;;g/kg;unknown;;measured;foodwasteexplorer-eurofir;FoodWasteEXplorer: A review of the utility of potato by-products as a feed resource for smallholder pig production;;Potato peel / Dry Matter;Potato peel - Fermented. A review of different publications;no;TREATED MATERIAL, not the untreated stream: the source describes this sample as 'Fermented. A review of different publications'. A treatment changes exactly the fractions a valorisation route cares about, so this row is comparable with other treated samples and not with the raw stream.;machine;;the source does not state the basis Fermented. A review of different publications
aardappel-stoomschillen;dry_matter;range;;120;276;;;g/kg;unknown;;measured;foodwasteexplorer-eurofir;FoodWasteEXplorer: A review of the utility of potato by-products as a feed resource for smallholder pig production;;Potato peel / Dry Matter;Potato peel - A review of different publications;no;;machine;;the source does not state the basis A review of different publications
aardappel-stoomschillen;fat_total;point;7.07;;;;;%;dry;;measured;foodwasteexplorer-eurofir;FoodWasteEXplorer: A comparative evaluation of antioxidant and antidiabetic potential of peel from young and matured potato;;Potato peel / Fat;Potato peel - Young potato peel - potatoes harvested after 14 weeks;no;;machine;;the source does not name the extraction Young potato peel - potatoes harvested after 14 weeks
aardappel-stoomschillen;fat_total;point;4.98;;;;;%;dry;;measured;foodwasteexplorer-eurofir;FoodWasteEXplorer: A comparative evaluation of antioxidant and antidiabetic potential of peel from young and matured potato;;Potato peel / Fat;Potato peel - Mature potato peel - potatoes harvested after 20 weeks;no;;machine;;the source does not name the extraction Mature potato peel - potatoes harvested after 20 weeks
aardappel-stoomschillen;fat_total;point;1.5;;;;;g/kg;dry;;measured;foodwasteexplorer-eurofir;FoodWasteEXplorer: Fermented. A review of different publications;;Potato peel / Fat;Potato peel - Fermented. Ether extract. A review of different publications;no;TREATED MATERIAL, not the untreated stream: the source describes this sample as 'Fermented. Ether extract. A review of different publications'. A treatment changes exactly the fractions a valorisation route cares about, so this row is comparable with other treated samples and not with the raw stream.;machine;;the source does not name the extraction Fermented. Ether extract. A review of different publications
aardappel-stoomschillen;fat_total;range;;5.0;21.1;;;g/kg;dry;;measured;foodwasteexplorer-eurofir;FoodWasteEXplorer: A review of the utility of potato by-products as a feed resource for smallholder pig production;;Potato peel / Fat;Potato peel - Ether extract. A review of different publications;no;;machine;;the source does not name the extraction Ether extract. A review of different publications
aardappel-stoomschillen;crude_fibre;range;;61.0;125;;;g/kg;dry;;measured;foodwasteexplorer-eurofir;FoodWasteEXplorer: A review of the utility of potato by-products as a feed resource for smallholder pig production;;Potato peel / Fibre, crude;Potato peel - A review of different publications;no;;machine;;A review of different publications
aardappel-stoomschillen;crude_fibre;point;7.8;;;;;%;unknown;;measured;foodwasteexplorer-eurofir;FoodWasteEXplorer: Production of alkaline protease by a thermophilic Bacillus subtilis under solid-state fermentation (SSF) condition using Imperata cylindrica grass and potato peel as low-cost medium: Characterization and application of enzyme in detergent formulation;;Potato peel / Fibre, crude;Potato peel;no;;machine;;the source does not state the basis
aardappel-stoomschillen;total_dietary_fibre;point;61.04;;;;;%;dry;;measured;foodwasteexplorer-eurofir;FoodWasteEXplorer: A comparative evaluation of antioxidant and antidiabetic potential of peel from young and matured potato;;Potato peel / Fibre, dietary;Potato peel - Young potato peel - potatoes harvested after 14 weeks;no;;machine;;Young potato peel - potatoes harvested after 14 weeks
aardappel-stoomschillen;total_dietary_fibre;point;68.73;;;;;%;dry;;measured;foodwasteexplorer-eurofir;FoodWasteEXplorer: A comparative evaluation of antioxidant and antidiabetic potential of peel from young and matured potato;;Potato peel / Fibre, dietary;Potato peel - Mature potato peel - potatoes harvested after 20 weeks;no;;machine;;Mature potato peel - potatoes harvested after 20 weeks
suikerbiet-pulp;adf;point;20.08;;;;;%;dry;;measured;foodwasteexplorer-eurofir;FoodWasteEXplorer: Digestion kinetics of neutral detergent fiber and chemical composition within some selected by-product feedstuffs;;Sugar beet pulp / Acid Detergent Fibre (ADF);Sugar beet pulp;no;;machine;;
suikerbiet-pulp;adf;point;17.21;;;;;%;dry;;measured;foodwasteexplorer-eurofir;FoodWasteEXplorer: Digestion kinetics of neutral detergent fiber and chemical composition within some selected by-product feedstuffs;;Sugar beet pulp / Acid Detergent Fibre (ADF);Sugar beet pulp;no;;machine;;
suikerbiet-pulp;adf;point;21;;;;;%;dry;;measured;foodwasteexplorer-eurofir;FoodWasteEXplorer: 2012FeedComp;;Sugar beet pulp / Acid Detergent Fibre (ADF);Sugar beet pulp - Wet with molasses;no;;machine;;Wet with molasses
suikerbiet-pulp;adf;point;23.1;;;;;%;dry;;measured;foodwasteexplorer-eurofir;FoodWasteEXplorer: Utilization of fruit and vegetable wastes, FAO;;Sugar beet pulp / Acid Detergent Fibre (ADF);Sugar beet pulp - Beta vulgaris;no;;machine;;Beta vulgaris
suikerbiet-pulp;adf;point;25;;;;;%;dry;;measured;foodwasteexplorer-eurofir;FoodWasteEXplorer: 2012FeedComp;;Sugar beet pulp / Acid Detergent Fibre (ADF);Sugar beet pulp - Wet;no;;machine;;Wet
suikerbiet-pulp;adf;point;21.97;;;;;%;dry;;measured;foodwasteexplorer-eurofir;FoodWasteEXplorer: Digestion kinetics of neutral detergent fiber and chemical composition within some selected by-product feedstuffs;;Sugar beet pulp / Acid Detergent Fibre (ADF);Sugar beet pulp;no;;machine;;
suikerbiet-pulp;ash;point;6;;;;;%;dry;;measured;foodwasteexplorer-eurofir;FoodWasteEXplorer: 2012FeedComp;;Sugar beet pulp / Ash;Sugar beet pulp - Wet with molasses;no;;machine;;Wet with molasses
suikerbiet-pulp;ash;point;8.9;;;;;%;dry;;measured;foodwasteexplorer-eurofir;FoodWasteEXplorer: Neutral Detergent Soluble Carbohydrates Nutritional Relevance and Analysis;;Sugar beet pulp / Ash;Sugar beet pulp;no;;machine;;
suikerbiet-pulp;ash;point;5;;;;;%;dry;;measured;foodwasteexplorer-eurofir;FoodWasteEXplorer: 2012FeedComp;;Sugar beet pulp / Ash;Sugar beet pulp - Wet;no;;machine;;Wet
suikerbiet-pulp;ash;point;82;;;;;g/kg;dry;;measured;foodwasteexplorer-eurofir;FoodWasteEXplorer: Chemical and phsicochemical characterisation of various horse feed ingredients;;Sugar beet pulp / Ash;Sugar beet pulp;no;;machine;;
suikerbiet-pulp;ash;point;6.86;;;;;%;dry;;measured;foodwasteexplorer-eurofir;FoodWasteEXplorer: Digestion kinetics of neutral detergent fiber and chemical composition within some selected by-product feedstuffs;;Sugar beet pulp / Ash;Sugar beet pulp;no;;machine;;
suikerbiet-pulp;ash;point;7.3;;;;;%;dry;;measured;foodwasteexplorer-eurofir;FoodWasteEXplorer: Utilization of fruit and vegetable wastes, FAO;;Sugar beet pulp / Ash;Sugar beet pulp - Beta vulgaris;no;;machine;;Beta vulgaris
suikerbiet-pulp;ash;point;5.34;;;;;%;dry;;measured;foodwasteexplorer-eurofir;FoodWasteEXplorer: Digestion kinetics of neutral detergent fiber and chemical composition within some selected by-product feedstuffs;;Sugar beet pulp / Ash;Sugar beet pulp;no;;machine;;
suikerbiet-pulp;ash;point;9.55;;;;;%;dry;;measured;foodwasteexplorer-eurofir;FoodWasteEXplorer: Digestion kinetics of neutral detergent fiber and chemical composition within some selected by-product feedstuffs;;Sugar beet pulp / Ash;Sugar beet pulp;no;;machine;;
suikerbiet-pulp;calcium;point;0.91;;;;;%;dry;;measured;foodwasteexplorer-eurofir;FoodWasteEXplorer: Utilization of fruit and vegetable wastes, FAO;;Sugar beet pulp / Calcium;Sugar beet pulp - Beta vulgaris;no;;machine;;Beta vulgaris
suikerbiet-pulp;calcium;point;0.6;;;;;%;dry;;measured;foodwasteexplorer-eurofir;FoodWasteEXplorer: 2012FeedComp;;Sugar beet pulp / Calcium;Sugar beet pulp - Wet with molasses;no;;machine;;Wet with molasses
suikerbiet-pulp;calcium;point;0.65;;;;;%;dry;;measured;foodwasteexplorer-eurofir;FoodWasteEXplorer: 2012FeedComp;;Sugar beet pulp / Calcium;Sugar beet pulp - Wet;no;;machine;;Wet
