stream_code;rank;commodity;fraction;geo;tonnes;chain;branch;status;sources_found;rows_extracted;note
mais-stro;1;Mais;;VL;1456062;Primaire productie;Plantaardig - akkerbouw;done;1;11;"Round 1 took Feedipedia's Main analysis (node 16072) and Phyllis2 #704. Round 2 adds the Minerals and Secondary metabolites tables that round 1 skipped. Only STOVER records feed this object; Phyllis2's corn stalks / corn cob / maize leaf records are fractions of it and are deliberately not used."
raapzaad-schroot;2;Kool- en raapzaad;geen fractie benoemd;BE;852000;Voedingsindustrie  (hele stroom bij deze schakel);Plantaardig - akkerbouw;done;1;12;Round 1 took the Main analysis (node 52). Round 2 adds the Minerals table. Feedipedia prints NO secondary-metabolites table for this feed, so the glucosinolate content - the constraint that actually decides how much rapeseed meal a ration can carry - is not available from this source and stays open.
aardappel-loof;3;Aardappel;loof;VL;800480;Primaire productie;Plantaardig - akkerbouw;no-source;0;0;"CHECKED AND EMPTY, and this is the second time. Potato haulm is absent from Phyllis2's index and has no Feedipedia datasheet - confirmed again on 2026-09-11 - while every other field residue in this round sits in one or both. Three literature routes were tried this session and none produced a usable table: the Acta Scientific Agriculture 2019 paper (Koli, Misra & Singh, DOI 10.31080/ASAG.2019.03.0568) is about haulm SILAGE blended with oat and its tables did not extract; the Current Science 115(2) PDF that a search attributed to potato haulm turns out to be a Pakistani agricultural-substrate study that does not cover potato at all. At 800.480 t this is the SECOND LARGEST target in the round and the largest with nothing behind it. F-004 stands, with two database routes still untried: S2BIOM (I) and the Dutch CVB Veevoedertabel. NOTE for whoever picks this up: haulm is chemically desiccated before harvest, which is a plausible reason feed databases skip it and a reason to check what a haulm analysis was taken BEFORE or AFTER desiccation."
aardappel;3;Aardappel;geen fractie benoemd;VL;548305;Primaire productie  (hele stroom bij deze schakel);Plantaardig - akkerbouw;done;1;10;Round 1 took the Main analysis (node 547, raw tubers). Round 2 adds the Minerals table. Feedipedia carries NO quantitative secondary-metabolites table for potato: it discusses glycoalkaloids (solanine, alpha-chaconine) in prose under Potential constraints and prints no figure. For a stream whose admissible uses are decided by exactly that number, this is a real hole and not a rounding error.
suikerbiet-loof;4;Suikerbiet;loof;VL;463884;Primaire productie;Plantaardig - akkerbouw;done;0;0;"Round 1 took the Main analysis (node 709, beet tops fresh). The variant question is now settled. Feedipedia prints NO minerals table for beet tops; the only mineral figures on the page sit under a separate 'Beet leaves, fresh' section and are two rows whose min/max columns are internally inconsistent (Ca min 19,6 above a mean of 11,0), so they are deliberately NOT taken."
suikerbiet-pulp;4;Suikerbiet;pulp;VL;350000;Voedingsindustrie;Plantaardig - akkerbouw;done;1;10;Round 1 took the Main analysis (node 710, pressed pulp). Round 2 adds the Minerals table. Note the calcium figure: 14,3 g/kg DM with n=673 and marked PREDICTED, which is high for a plant material and reflects the lime added in sugar extraction - a process artefact, not a property of beet.
zetmeel-reststroom;5;Zetmeel;;VL;284549;Voedingsindustrie;Varia;no-source;0;0;BLOCKED ON PURPOSE, unchanged from round 1. Prodcom 106220 'afvallen van zetmeelfabrieken' names a factory, not a material (gap G-19). Composition for starch side streams is abundant - Feedipedia alone prints a full Main analysis for dehydrated potato pulp on node 23075, and the potato fruit juice / potato fibre / potato protein literature is rich - so this is not a search problem. Attaching any of it would put a material name in a source's mouth, and Flanders crushes WHEAT starch rather than potato, so the obvious literature is probably the wrong material as well. 284.549 t waiting on a naming decision.
zemelen;6;Zemelen;;VL;278865;Voedingsindustrie;Plantaardig - akkerbouw;done;1;11;Round 1 took the Main analysis (node 12751). Round 2 adds Minerals and Secondary metabolites. Phosphorus at 11,1 g/kg DM is the bran-specific figure that matters: most of it is phytate-bound, which is why bran is a phosphorus source on paper and not in a monogastric gut.
aardappel-stoomschillen;3;Aardappel;stoomschillen;BE;261740;Voedingsindustrie;Plantaardig - akkerbouw;done;1;23;"Feedipedia's Potato by-products datasheet carries four variants with their own Main analysis: potato pulp (dehydrated), potato peels (fresh), STEAMED POTATO PEELS (liquid potato feed) and french fries (with oil). The third is this object exactly - the register calls it stoomschillen and the source calls it steamed potato peels. Both the fresh-peel and the steam-peel table are taken, because they are DIFFERENT MATERIALS: steaming gelatinises the starch and the figures move (starch 45,5 vs not reported, crude fibre 4,7 vs 11,4). This is the composition half of gap G-10; what G-10 is really missing is the Flemish TONNAGE, not the chemistry."
tarwe-stro;7;Tarwe;;VL;255836;Primaire productie;Plantaardig - akkerbouw;todo;;;
lijnzaad-schroot;8;Lijnzaad;;BE;245000;Voedingsindustrie;Plantaardig - akkerbouw;todo;;;
bloemkool-loof;9;Bloemkool;loof;VL;197100;Primaire productie;Plantaardig - tuinbouw;todo;;;two source names for one material, collapsed: blad- en stengelmassa (GeNeSys) = loof (MONBIO)
soja-schroot;10;Soja;;BE;170000;Voedingsindustrie;Plantaardig - akkerbouw;todo;;;
niet-eetbare-slachtafvallen;11;Niet-eetbare slachtafvallen;;VL;169051;Voedingsindustrie;Dierlijk - vee;todo;;;
dierlijk-vet;12;Dierlijk vet;;VL;145498;Voedingsindustrie;Dierlijk - vee;todo;;;
spruitstokken;13;Spruiten;stokken;VL;138000;Primaire productie;Plantaardig - tuinbouw;todo;;;two source names for one material, collapsed: stengelmassa (GeNeSys) = stokken (MONBIO)
bostel;14;Bostel;;VL;134653;Voedingsindustrie;Plantaardig - akkerbouw;todo;;;
zuivelnevenstroom;15;Zuivelnevenstroom;;VL;126251;Voedingsindustrie;Dierlijk - vee;todo;;;
voederbiet;16;Voederbiet;;VL;101780;Primaire productie;Plantaardig - akkerbouw;todo;;;
prei;17;Prei;geen fractie benoemd;VL;101746;Primaire productie  (hele stroom bij deze schakel);Plantaardig - tuinbouw;todo;;;
gries;18;Gries;;VL;98390;Voedingsindustrie;Plantaardig - akkerbouw;todo;;;
aardappel-snippers;3;Aardappel;snippers;BE;95000;Voedingsindustrie;Plantaardig - akkerbouw;no-source;0;0;NO MATCHING MATERIAL FOUND, and the near-misses are the point. Feedipedia's potato by-products datasheet has four variants and none of them is snippers: potato pulp is a STARCH-INDUSTRY residue, steamed peels are the peeling line, french fries are a FRIED product. Snippers are raw cut-offs from the cutting line - essentially potato flesh with little peel. The tempting move is to give it the raw-tuber figures from node 547, and that is exactly what this folder's rule forbids: a fraction does not inherit its commodity's composition. Left empty at 95.000 t.
erwt;19;Erwt;geen fractie benoemd;BE+VL;93400;Primaire productie/Voedingsindustrie  (hele stroom bij deze schakel);Plantaardig - tuinbouw;todo;;;
gevogelte;21;Gevogelte;;VL;86856;Voedingsindustrie;Dierlijk - vee;todo;;;
eetbare-slachtafvallen-rood-vlees;23;Eetbare slachtafvallen (rood vlees);;VL;82576;Voedingsindustrie;Dierlijk - vee;todo;;;
wortel-loof;22;Wortel;loof;VL;72718;Primaire productie;Plantaardig - tuinbouw;todo;;;two source names for one material, collapsed: bladmassa (GeNeSys) = loof (MONBIO)
prei-loof;17;Prei;loof;VL;70875;Primaire productie;Plantaardig - tuinbouw;todo;;;two source names for one material, collapsed: bladmassa (groene deel) (GeNeSys) = loof (MONBIO)
varkens;24;Varkens;;VL;70478;Voedingsindustrie;Dierlijk - vee;todo;;;
boon-loof;20;Boon;loof;VL;68600;Primaire productie;Plantaardig - tuinbouw;todo;;;two source names for one material, collapsed: blad- en stengelmassa (GeNeSys) = loof (MONBIO)
ui-schillen;25;Ui;schillen;VL;62032;Primaire productie;Plantaardig - tuinbouw;todo;;;
zonnebloem-schroot;26;Zonnebloem;;BE;58000;Voedingsindustrie;Plantaardig - akkerbouw;todo;;;
melasse;27;Melasse;;VL;56806;Voedingsindustrie;Varia;todo;;;
aardappel-industrieresidu;3;Aardappel;geen fractie benoemd;VL;56585;Voedingsindustrie  (hele stroom bij deze schakel);Plantaardig - akkerbouw;no-source;0;0;The object itself is unresolved, so there is nothing to search for yet. This is the 56.585 t the register places at the food industry under Aardappel with no fraction named - the row 2c described as `aardappel` absorbing a Prodcom 103113 processing residue because no source names a finer potato object. Now that stoomschillen and snippers ARE named separately in the 2026-09-11 selection, this residual row needs a placement decision before it can carry composition: it is either the remainder after those two, or it double-counts them. A register question, not a literature one.
appel;28;Appel;;VL;54800;Primaire productie;Plantaardig - tuinbouw;todo;;;
slachthuisstromen;29;Slachthuisstromen;;VL;50000;Voedingsindustrie;Dierlijk - vee;todo;;;
suikerbiet;4;Suikerbiet;geen fractie benoemd;VL;48662;Primaire productie  (hele stroom bij deze schakel);Plantaardig - akkerbouw;below_threshold;;;
mout;30;Mout;;VL;40051;Voedingsindustrie;Varia;below_threshold;;;
ui;25;Ui;geen fractie benoemd;VL;33411;Primaire productie  (hele stroom bij deze schakel);Plantaardig - tuinbouw;below_threshold;;;
ui;25;Ui;geen fractie benoemd;BE+VL;33080;Primaire productie/Voedingsindustrie  (hele stroom bij deze schakel);Plantaardig - tuinbouw;below_threshold;;;
aardappel-voerzetmeel;3;Aardappel;voerzetmeel;BE;23905;Voedingsindustrie;Plantaardig - akkerbouw;below_threshold;;;
aardbei;31;Aardbei;;VL;22500;Primaire productie;Plantaardig - tuinbouw;below_threshold;;;
spinazie;33;Spinazie;geen fractie benoemd;BE+VL;22020;Primaire productie/Voedingsindustrie  (hele stroom bij deze schakel);Plantaardig - tuinbouw;below_threshold;;;
boon;20;Boon;geen fractie benoemd;BE;21400;Voedingsindustrie  (hele stroom bij deze schakel);Plantaardig - tuinbouw;below_threshold;;;
spinazie-loof;33;Spinazie;loof;VL;21225;Primaire productie;Plantaardig - tuinbouw;below_threshold;;;
witte-kool-buitenste-bladeren;34;Witte kool;buitenste bladeren;VL;20000;Primaire productie;Plantaardig - tuinbouw;below_threshold;;;
spinazie;33;Spinazie;geen fractie benoemd;VL;19305;Primaire productie  (hele stroom bij deze schakel);Plantaardig - tuinbouw;below_threshold;;;
witloof-wortelmassa-na-forcerie;32;Witloof;wortelmassa na forcerie;VL;19300;Primaire productie;Plantaardig - tuinbouw;below_threshold;;;
selder-loof;35;Selder;loof;VL;19250;Primaire productie;Plantaardig - tuinbouw;below_threshold;;;two source names for one material, collapsed: blad- en stengelmassa (GeNeSys) = loof (MONBIO)
melk;36;Melk;;VL;19000;Primaire productie;Dierlijk - vee;below_threshold;;;
witloofwortelen;37;Witloofwortelen;;VL;18850;Primaire productie;Plantaardig - tuinbouw;below_threshold;;;
bloemkool-harten;9;Bloemkool;harten;VL;18395;Primaire productie;Plantaardig - tuinbouw;below_threshold;;;
wortel;22;Wortel;geen fractie benoemd;VL;16966;Primaire productie  (hele stroom bij deze schakel);Plantaardig - tuinbouw;below_threshold;;;
peer;38;Peer;;VL;16945;Primaire productie;Plantaardig - tuinbouw;below_threshold;;;
bloemkool;9;Bloemkool;geen fractie benoemd;VL;16388;Primaire productie  (hele stroom bij deze schakel);Plantaardig - tuinbouw;below_threshold;;;
wortel;22;Wortel;geen fractie benoemd;BE;15300;Voedingsindustrie  (hele stroom bij deze schakel);Plantaardig - tuinbouw;below_threshold;;;
rode-kool-buitenste-bladeren;39;Rode kool;buitenste bladeren;VL;15000;Primaire productie;Plantaardig - tuinbouw;below_threshold;;;
savooikool-buitenste-bladeren;40;Savooikool;buitenste bladeren;VL;15000;Primaire productie;Plantaardig - tuinbouw;below_threshold;;;
tomaat;41;Tomaat;geen fractie benoemd;VL;14931;Primaire productie/Producentenorganisaties/veilingen  (hele stroom bij deze schakel);Plantaardig - tuinbouw;below_threshold;;;
witte-kool-blad;34;Witte kool;blad;VL;13072;Primaire productie;Plantaardig - tuinbouw;below_threshold;;;
runderen;42;Runderen;;VL;11934;Voedingsindustrie;Dierlijk - vee;below_threshold;;;
savooikool-blad;40;Savooikool;blad;VL;11592;Primaire productie;Plantaardig - tuinbouw;below_threshold;;;
sla-en-andijvie;43;Sla en andijvie;geen fractie benoemd;VL;10519;Primaire productie  (hele stroom bij deze schakel);Plantaardig - tuinbouw;below_threshold;;;
sla-en-andijvie;43;Sla en andijvie;geen fractie benoemd;VL;10444;Primaire productie/Producentenorganisaties/veilingen  (hele stroom bij deze schakel);Plantaardig - tuinbouw;below_threshold;;;
witloof;32;Witloof;geen fractie benoemd;VL;10277;Primaire productie  (hele stroom bij deze schakel);Plantaardig - tuinbouw;below_threshold;;;
broccoli-loof;44;Broccoli;loof;VL;10000;Primaire productie;Plantaardig - tuinbouw;below_threshold;;;two source names for one material, collapsed: blad- en stengelmassa (GeNeSys) = loof (MONBIO)
aardappel-gebakken-nevenstroom;3;Aardappel;gebakken nevenstroom;BE;9671;Voedingsindustrie;Plantaardig - akkerbouw;below_threshold;;;
knolselder-loof;45;Knolselder;loof;VL;9000;Primaire productie;Plantaardig - tuinbouw;below_threshold;;;two source names for one material, collapsed: bladmassa (GeNeSys) = loof (MONBIO)
rode-kool-blad;39;Rode kool;blad;VL;8966;Primaire productie;Plantaardig - tuinbouw;below_threshold;;;
cichorei;46;Cichorei;;BE;8250;Voedingsindustrie;Plantaardig - tuinbouw;below_threshold;;;
kool-en-raapzaad-stro;2;Kool- en raapzaad;stro;VL;7818;Primaire productie;Plantaardig - akkerbouw;below_threshold;;;
schorseneer;48;Schorseneer;;VL;7000;Primaire productie;Plantaardig - tuinbouw;below_threshold;;;
courgette-loof;47;Courgette;loof;VL;6305;Primaire productie;Plantaardig - tuinbouw;below_threshold;;;two source names for one material, collapsed: blad- en stengelmassa (GeNeSys) = loof (MONBIO)
spruiten;13;Spruiten;geen fractie benoemd;VL;5452;Primaire productie  (hele stroom bij deze schakel);Plantaardig - tuinbouw;below_threshold;;;
tomaat;41;Tomaat;geen fractie benoemd;VL;5050;Primaire productie  (hele stroom bij deze schakel);Plantaardig - tuinbouw;below_threshold;;;
bloemkool;9;Bloemkool;geen fractie benoemd;BE+VL;4211;Producentenorganisaties/veilingen/Voedingsindustrie  (hele stroom bij deze schakel);Plantaardig - tuinbouw;below_threshold;;;
raap;49;Raap;;VL;3700;Primaire productie;Plantaardig - tuinbouw;below_threshold;;;
paprika;50;Paprika;geen fractie benoemd;VL;3639;Primaire productie/Producentenorganisaties/veilingen  (hele stroom bij deze schakel);Plantaardig - tuinbouw;below_threshold;;;
witloof-blaadjes;32;Witloof;blaadjes;VL;2975;Primaire productie;Plantaardig - tuinbouw;below_threshold;;;
champignon;51;Champignon;;VL;2643;Primaire productie;Plantaardig - tuinbouw;below_threshold;;;
komkommer;52;Komkommer;;VL;2087;Primaire productie · Producentenorganisaties/veilingen;Plantaardig - tuinbouw;below_threshold;;;
boon;20;Boon;geen fractie benoemd;VL;1783;Primaire productie  (hele stroom bij deze schakel);Plantaardig - tuinbouw;below_threshold;;;
prei;17;Prei;geen fractie benoemd;BE;1704;Voedingsindustrie  (hele stroom bij deze schakel);Plantaardig - tuinbouw;below_threshold;;;
eieren;53;Eieren;;VL;1282;Primaire productie;Dierlijk - vee;below_threshold;;;
courgette;47;Courgette;geen fractie benoemd;VL;1151;Producentenorganisaties/veilingen  (hele stroom bij deze schakel);Plantaardig - tuinbouw;below_threshold;;;
kers;54;Kers;;VL;1133;Primaire productie;Plantaardig - tuinbouw;below_threshold;;;
paprika;50;Paprika;geen fractie benoemd;VL;511;Primaire productie  (hele stroom bij deze schakel);Plantaardig - tuinbouw;below_threshold;;;
vis-alle-soorten;55;Vis (alle soorten);;VL;214;Visveilingen;Dierlijk - vis;below_threshold;;;
schapen-geiten-en-paarden;56;Schapen, geiten en paarden;;VL;164;Voedingsindustrie;Dierlijk - vee;below_threshold;;;
kool;57;Kool;;VL;143;Primaire productie;Plantaardig - tuinbouw;below_threshold;;;
andere-demersale-soorten;58;Andere demersale soorten;;VL;94;Visveilingen;Dierlijk - vis;below_threshold;;;
haaien;59;Haaien;;VL;61;Visveilingen;Dierlijk - vis;below_threshold;;;
ponen;60;Ponen;;VL;55;Visveilingen;Dierlijk - vis;below_threshold;;;
roggen;61;Roggen;;VL;36;Visveilingen;Dierlijk - vis;below_threshold;;;
wijting;62;Wijting;;VL;23;Visveilingen;Dierlijk - vis;below_threshold;;;
schar;63;Schar;;VL;16;Visveilingen;Dierlijk - vis;below_threshold;;;
pelagische-soorten;64;Pelagische soorten;;VL;16;Visveilingen;Dierlijk - vis;below_threshold;;;
steenbolk;65;Steenbolk;;VL;16;Visveilingen;Dierlijk - vis;below_threshold;;;
aubergine;66;Aubergine;;VL;13;Producentenorganisaties/veilingen;Plantaardig - tuinbouw;below_threshold;;;
heek;67;Heek;;VL;10;Visveilingen;Dierlijk - vis;below_threshold;;;
kongeraal;68;Kongeraal;;VL;9;Visveilingen;Dierlijk - vis;below_threshold;;;
schaal-en-weekdieren;69;Schaal- en weekdieren;;VL;8;Visveilingen;Dierlijk - vis;below_threshold;;;
weekdieren;70;Weekdieren;;VL;7;Visveilingen;Dierlijk - vis;below_threshold;;;
schelvis;71;Schelvis;;VL;7;Visveilingen;Dierlijk - vis;below_threshold;;;
schaaldieren;72;Schaaldieren;;VL;2;Visveilingen;Dierlijk - vis;below_threshold;;;
schol;73;Schol;;VL;2;Visveilingen;Dierlijk - vis;below_threshold;;;
bot;74;Bot;;VL;2;Visveilingen;Dierlijk - vis;below_threshold;;;
haaien-alg;75;Haaien alg.;;VL;1;Visveilingen;Dierlijk - vis;below_threshold;;;
