stream_code;parameter_code;value_type;value_num;value_min;value_max;sd;n_samples;unit_code;basis_code;method_code;value_origin;source_key;source_ref;year;reported_label;variant;predicted;restatement;flag;transcription;DECISION;notes
raapzaad-schroot;dry_matter;point;89;84.3;94.5;0.9;7005;%;fresh;;measured;feedtables-inrae-cirad-afz-fao;Feedipedia node 52;;Dry matter;Rapeseed meal, solvent-extracted, 00 type, oil < 5%;no;no;;machine;;Feedipedia does not print the drying temperature
raapzaad-schroot;crude_protein;point;38.1;32.6;44.8;1.3;7056;%;dry;;measured;feedtables-inrae-cirad-afz-fao;Feedipedia node 52;;Crude protein;Rapeseed meal, solvent-extracted, 00 type, oil < 5%;no;no;;machine;;Feedipedia does not print the N factor used
raapzaad-schroot;crude_fibre;point;14.3;8.6;18.1;1.2;6136;%;dry;;measured;feedtables-inrae-cirad-afz-fao;Feedipedia node 52;;Crude fibre;Rapeseed meal, solvent-extracted, 00 type, oil < 5%;no;no;;machine;;
raapzaad-schroot;ndf;point;31.6;20.5;41.6;3.5;241;%;dry;;predicted;feedtables-inrae-cirad-afz-fao;Feedipedia node 52;;Neutral detergent fibre;Rapeseed meal, solvent-extracted, 00 type, oil < 5%;yes;no;;machine;;Feedipedia does not say whether amylase was used (aNDF) or ash corrected for (aNDFom)
raapzaad-schroot;adf;point;20.7;16.8;26.6;1.6;239;%;dry;;predicted;feedtables-inrae-cirad-afz-fao;Feedipedia node 52;;Acid detergent fibre;Rapeseed meal, solvent-extracted, 00 type, oil < 5%;yes;no;;machine;;
raapzaad-schroot;lignin;point;9.7;7.1;13.8;1.2;285;%;dry;;predicted;feedtables-inrae-cirad-afz-fao;Feedipedia node 52;;Lignin;Rapeseed meal, solvent-extracted, 00 type, oil < 5%;yes;no;;machine;;The column is headed only Lignin. The feedtables glossary says it is USUALLY the Van Soest ADL, and that hedge is why the method is left unknown here rather than set to lignin-adl
raapzaad-schroot;fat_total;point;2.4;0.3;5.7;0.7;5758;%;dry;ee-diethyl;measured;feedtables-inrae-cirad-afz-fao;Feedipedia node 52;;Ether extract;Rapeseed meal, solvent-extracted, 00 type, oil < 5%;no;no;;machine;;
raapzaad-schroot;ash;point;7.6;6.5;10.4;0.4;1164;%;dry;;measured;feedtables-inrae-cirad-afz-fao;Feedipedia node 52;;Ash;Rapeseed meal, solvent-extracted, 00 type, oil < 5%;no;no;;machine;;Feedipedia does not print the ashing temperature
raapzaad-schroot;insoluble_ash;point;0.3;;;;;%;dry;;measured;feedtables-inrae-cirad-afz-fao;Feedipedia node 52;;Insoluble ash;Rapeseed meal, solvent-extracted, 00 type, oil < 5%;no;no;;machine;;
raapzaad-schroot;starch;point;6.3;0.6;8.1;1.6;99;%;dry;starch-polarimetric;measured;feedtables-inrae-cirad-afz-fao;Feedipedia node 52;;Starch (polarimetry);Rapeseed meal, solvent-extracted, 00 type, oil < 5%;no;no;;machine;;
raapzaad-schroot;starch;point;1.6;1.3;1.8;;2;%;dry;starch-enzymatic;measured;feedtables-inrae-cirad-afz-fao;Feedipedia node 52;;Starch (enzymatic);Rapeseed meal, solvent-extracted, 00 type, oil < 5%;no;no;;machine;;
raapzaad-schroot;total_sugars;point;10.5;8.2;13.6;0.9;80;%;dry;;measured;feedtables-inrae-cirad-afz-fao;Feedipedia node 52;;Total sugars;Rapeseed meal, solvent-extracted, 00 type, oil < 5%;no;no;;machine;;
raapzaad-schroot;hhv;point;19.3;18.3;20;0.4;28;MJ/kg;dry;;predicted;feedtables-inrae-cirad-afz-fao;Feedipedia node 52;;Gross energy;Rapeseed meal, solvent-extracted, 00 type, oil < 5%;yes;no;;machine;;Printed as gross energy (GE), the same quantity fuel sources call HHV
suikerbiet-pulp;dry_matter;point;24.3;15;35.1;3;110;%;fresh;;measured;feedtables-inrae-cirad-afz-fao;Feedipedia node 710;;Dry matter;Sugar beet pulp, pressed;no;no;;machine;;Feedipedia does not print the drying temperature
suikerbiet-pulp;crude_protein;point;8.7;6.7;12.3;0.7;679;%;dry;;measured;feedtables-inrae-cirad-afz-fao;Feedipedia node 710;;Crude protein;Sugar beet pulp, pressed;no;no;;machine;;Feedipedia does not print the N factor used
suikerbiet-pulp;crude_fibre;point;20.8;17.3;26;1.4;671;%;dry;;measured;feedtables-inrae-cirad-afz-fao;Feedipedia node 710;;Crude fibre;Sugar beet pulp, pressed;no;no;;machine;;
suikerbiet-pulp;fat_total;point;0.5;0.2;0.8;0.2;9;%;dry;ee-diethyl;measured;feedtables-inrae-cirad-afz-fao;Feedipedia node 710;;Ether extract;Sugar beet pulp, pressed;no;no;;machine;;
suikerbiet-pulp;ash;point;6.8;3.9;14.3;1.6;752;%;dry;;measured;feedtables-inrae-cirad-afz-fao;Feedipedia node 710;;Ash;Sugar beet pulp, pressed;no;no;;machine;;Feedipedia does not print the ashing temperature
suikerbiet-pulp;insoluble_ash;point;1.5;0.2;7.4;1.3;646;%;dry;;predicted;feedtables-inrae-cirad-afz-fao;Feedipedia node 710;;Insoluble ash;Sugar beet pulp, pressed;yes;no;;machine;;
suikerbiet-pulp;ndf;point;49.5;48.4;55.7;2.9;6;%;dry;;predicted;feedtables-inrae-cirad-afz-fao;Feedipedia node 710;;Neutral detergent fibre;Sugar beet pulp, pressed;yes;no;;machine;;Feedipedia does not say whether amylase was used (aNDF) or ash corrected for (aNDFom)
suikerbiet-pulp;adf;point;24.8;22.4;26.6;1.6;6;%;dry;;predicted;feedtables-inrae-cirad-afz-fao;Feedipedia node 710;;Acid detergent fibre;Sugar beet pulp, pressed;yes;no;;machine;;
suikerbiet-pulp;lignin;point;1.8;1.7;2;0.1;6;%;dry;;measured;feedtables-inrae-cirad-afz-fao;Feedipedia node 710;;Lignin;Sugar beet pulp, pressed;no;no;;machine;;The column is headed only Lignin. The feedtables glossary says it is USUALLY the Van Soest ADL, and that hedge is why the method is left unknown here rather than set to lignin-adl
suikerbiet-pulp;starch;point;0.5;;;;;%;dry;starch-polarimetric;measured;feedtables-inrae-cirad-afz-fao;Feedipedia node 710;;Starch (polarimetry);Sugar beet pulp, pressed;no;no;;machine;;
suikerbiet-pulp;total_sugars;point;5.2;0.4;11.8;2.2;638;%;dry;;measured;feedtables-inrae-cirad-afz-fao;Feedipedia node 710;;Total sugars;Sugar beet pulp, pressed;no;no;;machine;;
suikerbiet-pulp;hhv;point;17.1;;;;;MJ/kg;dry;;measured;feedtables-inrae-cirad-afz-fao;Feedipedia node 710;;Gross energy;Sugar beet pulp, pressed;no;no;;machine;;Printed as gross energy (GE), the same quantity fuel sources call HHV
lijnzaad-schroot;dry_matter;point;87.6;86.1;90.4;1.0;99;%;fresh;;measured;feedtables-inrae-cirad-afz-fao;Feedipedia node 735;;Dry matter;Linseed meal, solvent-extracted;no;no;;machine;;Feedipedia does not print the drying temperature
lijnzaad-schroot;crude_protein;point;36.3;33.3;39.5;1.3;100;%;dry;;measured;feedtables-inrae-cirad-afz-fao;Feedipedia node 735;;Crude protein;Linseed meal, solvent-extracted;no;no;;machine;;Feedipedia does not print the N factor used
lijnzaad-schroot;crude_fibre;point;11.6;9.2;13.5;1.2;93;%;dry;;measured;feedtables-inrae-cirad-afz-fao;Feedipedia node 735;;Crude fibre;Linseed meal, solvent-extracted;no;no;;machine;;
lijnzaad-schroot;ndf;point;27.4;;;;;%;dry;;predicted;feedtables-inrae-cirad-afz-fao;Feedipedia node 735;;Neutral detergent fibre;Linseed meal, solvent-extracted;yes;no;;machine;;Feedipedia does not say whether amylase was used (aNDF) or ash corrected for (aNDFom)
lijnzaad-schroot;adf;point;15.7;;;;;%;dry;;predicted;feedtables-inrae-cirad-afz-fao;Feedipedia node 735;;Acid detergent fibre;Linseed meal, solvent-extracted;yes;no;;machine;;
lijnzaad-schroot;lignin;point;4.9;3.7;6.4;1.0;25;%;dry;;measured;feedtables-inrae-cirad-afz-fao;Feedipedia node 735;;Lignin;Linseed meal, solvent-extracted;no;no;;machine;;The column is headed only Lignin. The feedtables glossary says it is USUALLY the Van Soest ADL, and that hedge is why the method is left unknown here rather than set to lignin-adl
lijnzaad-schroot;fat_total;point;3.6;2.0;5.6;1.1;40;%;dry;ee-diethyl;measured;feedtables-inrae-cirad-afz-fao;Feedipedia node 735;;Ether extract;Linseed meal, solvent-extracted;no;no;;machine;;
lijnzaad-schroot;fat_total;point;4.7;3.2;5.6;0.6;58;%;dry;ee-hcl;measured;feedtables-inrae-cirad-afz-fao;Feedipedia node 735;;Ether extract, HCl hydrolysis;Linseed meal, solvent-extracted;no;no;;machine;;
lijnzaad-schroot;ash;point;6.4;6.0;7.5;0.2;84;%;dry;;measured;feedtables-inrae-cirad-afz-fao;Feedipedia node 735;;Ash;Linseed meal, solvent-extracted;no;no;;machine;;Feedipedia does not print the ashing temperature
lijnzaad-schroot;total_sugars;point;4.3;4.1;4.6;0.2;24;%;dry;;measured;feedtables-inrae-cirad-afz-fao;Feedipedia node 735;;Total sugars;Linseed meal, solvent-extracted;no;no;;machine;;
lijnzaad-schroot;hhv;point;19.4;19.4;20.3;;2;MJ/kg;dry;;predicted;feedtables-inrae-cirad-afz-fao;Feedipedia node 735;;Gross energy;Linseed meal, solvent-extracted;yes;no;;machine;;Printed as gross energy (GE), the same quantity fuel sources call HHV
zemelen;dry_matter;point;87.0;83.6;90.3;1.1;19914;%;fresh;;measured;feedtables-inrae-cirad-afz-fao;Feedipedia node 12751;;Dry matter;Wheat bran;no;no;;machine;;Feedipedia does not print the drying temperature
zemelen;crude_protein;point;17.3;14.1;20.5;1.0;19450;%;dry;;measured;feedtables-inrae-cirad-afz-fao;Feedipedia node 12751;;Crude protein;Wheat bran;no;no;;machine;;Feedipedia does not print the N factor used
zemelen;crude_fibre;point;10.4;6.3;14.7;1.3;19300;%;dry;;measured;feedtables-inrae-cirad-afz-fao;Feedipedia node 12751;;Crude fibre;Wheat bran;no;no;;machine;;
zemelen;ndf;point;45.2;32.4;56.5;4.6;743;%;dry;;predicted;feedtables-inrae-cirad-afz-fao;Feedipedia node 12751;;Neutral detergent fibre;Wheat bran;yes;no;;machine;;Feedipedia does not say whether amylase was used (aNDF) or ash corrected for (aNDFom)
zemelen;adf;point;13.4;8.4;17.6;1.6;754;%;dry;;predicted;feedtables-inrae-cirad-afz-fao;Feedipedia node 12751;;Acid detergent fibre;Wheat bran;yes;no;;machine;;
zemelen;lignin;point;3.8;1.9;5.3;0.7;452;%;dry;;predicted;feedtables-inrae-cirad-afz-fao;Feedipedia node 12751;;Lignin;Wheat bran;yes;no;;machine;;The column is headed only Lignin. The feedtables glossary says it is USUALLY the Van Soest ADL, and that hedge is why the method is left unknown here rather than set to lignin-adl
zemelen;fat_total;point;3.9;2.1;5.7;0.6;9117;%;dry;ee-diethyl;measured;feedtables-inrae-cirad-afz-fao;Feedipedia node 12751;;Ether extract;Wheat bran;no;no;;machine;;
zemelen;ash;point;5.6;4.0;7.3;0.5;11055;%;dry;;measured;feedtables-inrae-cirad-afz-fao;Feedipedia node 12751;;Ash;Wheat bran;no;no;;machine;;Feedipedia does not print the ashing temperature
zemelen;starch;point;23.1;11.1;35.4;4.0;17115;%;dry;starch-polarimetric;measured;feedtables-inrae-cirad-afz-fao;Feedipedia node 12751;;Starch (polarimetry);Wheat bran;no;no;;machine;;
zemelen;total_sugars;point;7.2;3.7;10.5;1.6;152;%;dry;;measured;feedtables-inrae-cirad-afz-fao;Feedipedia node 12751;;Total sugars;Wheat bran;no;no;;machine;;
zemelen;hhv;point;18.9;18.0;19.9;0.3;65;MJ/kg;dry;;predicted;feedtables-inrae-cirad-afz-fao;Feedipedia node 12751;;Gross energy;Wheat bran;yes;no;;machine;;Printed as gross energy (GE), the same quantity fuel sources call HHV
aardappel;dry_matter;point;20.6;10.1;27.3;2.6;60;%;fresh;;measured;feedtables-inrae-cirad-afz-fao;Feedipedia node 547;;Dry matter;Potato tubers, raw;no;no;;machine;;Feedipedia does not print the drying temperature
aardappel;crude_protein;point;10.8;9.2;13;0.9;37;%;dry;;measured;feedtables-inrae-cirad-afz-fao;Feedipedia node 547;;Crude protein;Potato tubers, raw;no;no;;machine;;Feedipedia does not print the N factor used
aardappel;crude_fibre;point;2.5;1.5;3.9;0.5;30;%;dry;;measured;feedtables-inrae-cirad-afz-fao;Feedipedia node 547;;Crude fibre;Potato tubers, raw;no;no;;machine;;
aardappel;fat_total;point;0.5;0.2;1.3;0.2;51;%;dry;ee-diethyl;measured;feedtables-inrae-cirad-afz-fao;Feedipedia node 547;;Ether extract;Potato tubers, raw;no;no;;machine;;
aardappel;ash;point;7.3;4.4;15.8;2.9;33;%;dry;;measured;feedtables-inrae-cirad-afz-fao;Feedipedia node 547;;Ash;Potato tubers, raw;no;no;;machine;;Feedipedia does not print the ashing temperature
aardappel;insoluble_ash;point;2.5;0.5;11.5;3;16;%;dry;;predicted;feedtables-inrae-cirad-afz-fao;Feedipedia node 547;;Insoluble ash;Potato tubers, raw;yes;no;;machine;;
aardappel;ndf;point;8.3;;;;;%;dry;;predicted;feedtables-inrae-cirad-afz-fao;Feedipedia node 547;;Neutral detergent fibre;Potato tubers, raw;yes;no;;machine;;Feedipedia does not say whether amylase was used (aNDF) or ash corrected for (aNDFom)
aardappel;adf;point;3.6;2.6;4.9;0.5;22;%;dry;;predicted;feedtables-inrae-cirad-afz-fao;Feedipedia node 547;;Acid detergent fibre;Potato tubers, raw;yes;no;;machine;;
aardappel;lignin;point;0.9;0.4;2.2;0.4;22;%;dry;;predicted;feedtables-inrae-cirad-afz-fao;Feedipedia node 547;;Lignin;Potato tubers, raw;yes;no;;machine;;The column is headed only Lignin. The feedtables glossary says it is USUALLY the Van Soest ADL, and that hedge is why the method is left unknown here rather than set to lignin-adl
aardappel;starch;point;71.9;56.2;82.3;11.2;5;%;dry;starch-polarimetric;predicted;feedtables-inrae-cirad-afz-fao;Feedipedia node 547;;Starch (polarimetry);Potato tubers, raw;yes;no;;machine;;
aardappel;total_sugars;point;6.6;2.3;10.5;2.5;11;%;dry;;measured;feedtables-inrae-cirad-afz-fao;Feedipedia node 547;;Total sugars;Potato tubers, raw;no;no;;machine;;
aardappel;hhv;point;16.8;16.7;17.4;0.2;13;MJ/kg;dry;;predicted;feedtables-inrae-cirad-afz-fao;Feedipedia node 547;;Gross energy;Potato tubers, raw;yes;no;;machine;;Printed as gross energy (GE), the same quantity fuel sources call HHV
suikerbiet-loof;dry_matter;point;27.9;25.3;30.4;;2;%;fresh;;measured;feedtables-inrae-cirad-afz-fao;Feedipedia node 709;;Dry matter;Beet tops, fresh;no;no;;machine;;Feedipedia does not print the drying temperature
suikerbiet-loof;crude_protein;point;11.6;8.8;17.0;4.7;3;%;dry;;measured;feedtables-inrae-cirad-afz-fao;Feedipedia node 709;;Crude protein;Beet tops, fresh;no;no;;machine;;Feedipedia does not print the N factor used
suikerbiet-loof;crude_fibre;point;10.9;10.3;11.4;;2;%;dry;;measured;feedtables-inrae-cirad-afz-fao;Feedipedia node 709;;Crude fibre;Beet tops, fresh;no;no;;machine;;
suikerbiet-loof;ndf;point;34.7;34.5;34.8;;2;%;dry;;measured;feedtables-inrae-cirad-afz-fao;Feedipedia node 709;;Neutral detergent fibre;Beet tops, fresh;no;no;;machine;;Feedipedia does not say whether amylase was used (aNDF) or ash corrected for (aNDFom)
suikerbiet-loof;adf;point;21.0;18.0;23.9;;2;%;dry;;measured;feedtables-inrae-cirad-afz-fao;Feedipedia node 709;;Acid detergent fibre;Beet tops, fresh;no;no;;machine;;
suikerbiet-loof;lignin;point;5.5;4.6;6.4;;2;%;dry;;measured;feedtables-inrae-cirad-afz-fao;Feedipedia node 709;;Lignin;Beet tops, fresh;no;no;;machine;;The column is headed only Lignin. The feedtables glossary says it is USUALLY the Van Soest ADL, and that hedge is why the method is left unknown here rather than set to lignin-adl
suikerbiet-loof;fat_total;point;1.3;;1.6;0.9;2;%;dry;ee-diethyl;measured;feedtables-inrae-cirad-afz-fao;Feedipedia node 709;;Ether extract;Beet tops, fresh;no;no;;machine;;
suikerbiet-loof;ash;point;14.1;;23.1;5.1;2;%;dry;;measured;feedtables-inrae-cirad-afz-fao;Feedipedia node 709;;Ash;Beet tops, fresh;no;no;;machine;;Feedipedia does not print the ashing temperature
suikerbiet-loof;hhv;point;16.1;;;;;MJ/kg;dry;;predicted;feedtables-inrae-cirad-afz-fao;Feedipedia node 709;;Gross energy;Beet tops, fresh;yes;no;;machine;;Printed as gross energy (GE), the same quantity fuel sources call HHV
suikerbiet;dry_matter;point;18.8;14.5;24.1;4.2;4;%;fresh;;measured;feedtables-inrae-cirad-afz-fao;Feedipedia node 535;;Dry matter;Beet root, sugar type, fresh;no;no;;machine;;Feedipedia does not print the drying temperature
suikerbiet;crude_protein;point;7.8;6.2;9.9;1.5;5;%;dry;;measured;feedtables-inrae-cirad-afz-fao;Feedipedia node 535;;Crude protein;Beet root, sugar type, fresh;no;no;;machine;;Feedipedia does not print the N factor used
suikerbiet;crude_fibre;point;8.1;5.6;14.7;4.4;4;%;dry;;measured;feedtables-inrae-cirad-afz-fao;Feedipedia node 535;;Crude fibre;Beet root, sugar type, fresh;no;no;;machine;;
suikerbiet;ndf;point;20.4;;30.0;10.8;2;%;dry;;measured;feedtables-inrae-cirad-afz-fao;Feedipedia node 535;;Neutral detergent fibre;Beet root, sugar type, fresh;no;no;;machine;;Feedipedia does not say whether amylase was used (aNDF) or ash corrected for (aNDFom)
suikerbiet;adf;point;12.7;;19.8;5.5;2;%;dry;;measured;feedtables-inrae-cirad-afz-fao;Feedipedia node 535;;Acid detergent fibre;Beet root, sugar type, fresh;no;no;;machine;;
suikerbiet;lignin;point;1.9;;;;1;%;dry;;measured;feedtables-inrae-cirad-afz-fao;Feedipedia node 535;;Lignin;Beet root, sugar type, fresh;no;no;;machine;;The column is headed only Lignin. The feedtables glossary says it is USUALLY the Van Soest ADL, and that hedge is why the method is left unknown here rather than set to lignin-adl
suikerbiet;fat_total;point;0.5;0.2;0.6;0.2;3;%;dry;ee-diethyl;measured;feedtables-inrae-cirad-afz-fao;Feedipedia node 535;;Ether extract;Beet root, sugar type, fresh;no;no;;machine;;
suikerbiet;ash;point;6.9;3.5;13.0;4.2;4;%;dry;;measured;feedtables-inrae-cirad-afz-fao;Feedipedia node 535;;Ash;Beet root, sugar type, fresh;no;no;;machine;;Feedipedia does not print the ashing temperature
suikerbiet;hhv;point;16.9;;;;;MJ/kg;dry;;predicted;feedtables-inrae-cirad-afz-fao;Feedipedia node 535;;Gross energy;Beet root, sugar type, fresh;yes;no;;machine;;Printed as gross energy (GE), the same quantity fuel sources call HHV
mais-stro;dry_matter;point;92.8;84.1;98;2.8;76;%;fresh;;measured;feedtables-inrae-cirad-afz-fao;Feedipedia node 16072;;Dry matter;Maize stover, dry;no;no;;machine;;Feedipedia does not print the drying temperature
mais-stro;crude_protein;point;3.9;1.8;11.5;1.5;80;%;dry;;measured;feedtables-inrae-cirad-afz-fao;Feedipedia node 16072;;Crude protein;Maize stover, dry;no;no;;machine;;Feedipedia does not print the N factor used
mais-stro;crude_fibre;point;40.7;29;48.2;4.1;62;%;dry;;measured;feedtables-inrae-cirad-afz-fao;Feedipedia node 16072;;Crude fibre;Maize stover, dry;no;no;;machine;;
mais-stro;ndf;point;75;39.5;87.8;13.6;60;%;dry;;measured;feedtables-inrae-cirad-afz-fao;Feedipedia node 16072;;Neutral detergent fibre;Maize stover, dry;no;no;;machine;;Feedipedia does not say whether amylase was used (aNDF) or ash corrected for (aNDFom)
mais-stro;adf;point;49.6;37;59.4;6.2;57;%;dry;;measured;feedtables-inrae-cirad-afz-fao;Feedipedia node 16072;;Acid detergent fibre;Maize stover, dry;no;no;;machine;;
mais-stro;lignin;point;7.4;3;13.5;2.4;53;%;dry;;measured;feedtables-inrae-cirad-afz-fao;Feedipedia node 16072;;Lignin;Maize stover, dry;no;no;;machine;;The column is headed only Lignin. The feedtables glossary says it is USUALLY the Van Soest ADL, and that hedge is why the method is left unknown here rather than set to lignin-adl
mais-stro;fat_total;point;0.9;0.2;2.2;0.5;42;%;dry;ee-diethyl;measured;feedtables-inrae-cirad-afz-fao;Feedipedia node 16072;;Ether extract;Maize stover, dry;no;no;;machine;;
mais-stro;ash;point;7.1;3.9;12.9;2;73;%;dry;;measured;feedtables-inrae-cirad-afz-fao;Feedipedia node 16072;;Ash;Maize stover, dry;no;no;;machine;;Feedipedia does not print the ashing temperature
mais-stro;insoluble_ash;point;2.1;0.5;8.5;1.5;32;%;dry;;measured;feedtables-inrae-cirad-afz-fao;Feedipedia node 16072;;Insoluble ash;Maize stover, dry;no;no;;machine;;
mais-stro;starch;point;11.4;10.9;11.9;;2;%;dry;starch-polarimetric;measured;feedtables-inrae-cirad-afz-fao;Feedipedia node 16072;;Starch (polarimetry);Maize stover, dry;no;no;;machine;;
mais-stro;hhv;point;18.2;;;;;MJ/kg;dry;;predicted;feedtables-inrae-cirad-afz-fao;Feedipedia node 16072;;Gross energy;Maize stover, dry;yes;no;;machine;;Printed as gross energy (GE), the same quantity fuel sources call HHV
soja-schroot;dry_matter;point;88;80.1;96.3;0.7;9654;%;fresh;;measured;feedtables-inrae-cirad-afz-fao;Feedipedia node 26068;;Dry matter;Soybean meal, type 48 and similar;no;no;;machine;;Feedipedia does not print the drying temperature
soja-schroot;crude_protein;point;52.6;43.8;58.4;1.1;9722;%;dry;;measured;feedtables-inrae-cirad-afz-fao;Feedipedia node 26068;;Crude protein;Soybean meal, type 48 and similar;no;no;;machine;;Feedipedia does not print the N factor used
soja-schroot;crude_fibre;point;6.8;4.8;10.7;0.7;3328;%;dry;;measured;feedtables-inrae-cirad-afz-fao;Feedipedia node 26068;;Crude fibre;Soybean meal, type 48 and similar;no;no;;machine;;
soja-schroot;ndf;point;14.2;6.6;19.5;2.9;269;%;dry;;predicted;feedtables-inrae-cirad-afz-fao;Feedipedia node 26068;;Neutral detergent fibre;Soybean meal, type 48 and similar;yes;no;;machine;;Feedipedia does not say whether amylase was used (aNDF) or ash corrected for (aNDFom)
soja-schroot;adf;point;8.4;3.4;14.8;2.3;238;%;dry;;predicted;feedtables-inrae-cirad-afz-fao;Feedipedia node 26068;;Acid detergent fibre;Soybean meal, type 48 and similar;yes;no;;machine;;
soja-schroot;lignin;point;0.6;0.1;1.8;0.4;213;%;dry;;measured;feedtables-inrae-cirad-afz-fao;Feedipedia node 26068;;Lignin;Soybean meal, type 48 and similar;no;no;;machine;;The column is headed only Lignin. The feedtables glossary says it is USUALLY the Van Soest ADL, and that hedge is why the method is left unknown here rather than set to lignin-adl
soja-schroot;fat_total;point;1.8;0.3;5.5;0.5;7801;%;dry;ee-diethyl;measured;feedtables-inrae-cirad-afz-fao;Feedipedia node 26068;;Ether extract;Soybean meal, type 48 and similar;no;no;;machine;;
soja-schroot;ash;point;7.1;5.7;11.2;0.6;2899;%;dry;;measured;feedtables-inrae-cirad-afz-fao;Feedipedia node 26068;;Ash;Soybean meal, type 48 and similar;no;no;;machine;;Feedipedia does not print the ashing temperature
soja-schroot;insoluble_ash;point;0.6;0;2.4;0.5;72;%;dry;;measured;feedtables-inrae-cirad-afz-fao;Feedipedia node 26068;;Insoluble ash;Soybean meal, type 48 and similar;no;no;;machine;;
soja-schroot;starch;point;5.7;0.2;11.4;1.4;367;%;dry;starch-polarimetric;measured;feedtables-inrae-cirad-afz-fao;Feedipedia node 26068;;Starch (polarimetry);Soybean meal, type 48 and similar;no;no;;machine;;
soja-schroot;starch;point;1.9;1.4;2.7;;4;%;dry;starch-enzymatic;measured;feedtables-inrae-cirad-afz-fao;Feedipedia node 26068;;Starch (enzymatic);Soybean meal, type 48 and similar;no;no;;machine;;
soja-schroot;total_sugars;point;9.2;7.2;13.7;1;211;%;dry;;measured;feedtables-inrae-cirad-afz-fao;Feedipedia node 26068;;Total sugars;Soybean meal, type 48 and similar;no;no;;machine;;
soja-schroot;hhv;point;19.7;17;22.6;0.6;136;MJ/kg;dry;;predicted;feedtables-inrae-cirad-afz-fao;Feedipedia node 26068;;Gross energy;Soybean meal, type 48 and similar;yes;no;;machine;;Printed as gross energy (GE), the same quantity fuel sources call HHV
tarwe-stro;moisture;point;10.25;;;;;%;fresh;;measured;phyllis2-tno;Phyllis2 record #3161;1996;Moisture content;Wheat straw (Denmark);no;no;;machine;;
tarwe-stro;ash;point;4.23;;;;;%;fresh;ash-550;measured;phyllis2-tno;Phyllis2 record #3161;1996;Ash content at 550 C;Wheat straw (Denmark);no;yes;;machine;;
tarwe-stro;ash;point;4.71;;;;;%;dry;ash-550;measured;phyllis2-tno;Phyllis2 record #3161;1996;Ash content at 550 C;Wheat straw (Denmark);no;no;;machine;;
tarwe-stro;volatile_matter;point;69.74;;;;;%;fresh;;measured;phyllis2-tno;Phyllis2 record #3161;1996;Volatile matter;Wheat straw (Denmark);no;yes;;machine;;
tarwe-stro;volatile_matter;point;77.70;;;;;%;dry;;measured;phyllis2-tno;Phyllis2 record #3161;1996;Volatile matter;Wheat straw (Denmark);no;no;;machine;;
tarwe-stro;volatile_matter;point;81.54;;;;;%;dry_ash_free;;measured;phyllis2-tno;Phyllis2 record #3161;1996;Volatile matter;Wheat straw (Denmark);no;yes;;machine;;
tarwe-stro;fixed_carbon;point;15.79;;;;;%;fresh;;calculated;phyllis2-tno;Phyllis2 record #3161;1996;Fixed carbon;Wheat straw (Denmark);no;yes;;machine;;100 minus moisture, ash and volatile matter - arithmetic by the source
tarwe-stro;fixed_carbon;point;17.59;;;;;%;dry;;calculated;phyllis2-tno;Phyllis2 record #3161;1996;Fixed carbon;Wheat straw (Denmark);no;no;;machine;;100 minus moisture, ash and volatile matter - arithmetic by the source
tarwe-stro;fixed_carbon;point;18.46;;;;;%;dry_ash_free;;calculated;phyllis2-tno;Phyllis2 record #3161;1996;Fixed carbon;Wheat straw (Denmark);no;yes;;machine;;100 minus moisture, ash and volatile matter - arithmetic by the source
tarwe-stro;total_carbon;point;42.45;;;;;%;fresh;;measured;phyllis2-tno;Phyllis2 record #3161;1996;Carbon;Wheat straw (Denmark);no;yes;;machine;;
tarwe-stro;total_carbon;point;47.30;;;;;%;dry;;measured;phyllis2-tno;Phyllis2 record #3161;1996;Carbon;Wheat straw (Denmark);no;no;;machine;;
tarwe-stro;total_carbon;point;49.64;;;;;%;dry_ash_free;;measured;phyllis2-tno;Phyllis2 record #3161;1996;Carbon;Wheat straw (Denmark);no;yes;;machine;;
tarwe-stro;hydrogen;point;5.27;;;;;%;fresh;;measured;phyllis2-tno;Phyllis2 record #3161;1996;Hydrogen;Wheat straw (Denmark);no;yes;;machine;;
tarwe-stro;hydrogen;point;5.87;;;;;%;dry;;measured;phyllis2-tno;Phyllis2 record #3161;1996;Hydrogen;Wheat straw (Denmark);no;no;;machine;;
tarwe-stro;hydrogen;point;6.16;;;;;%;dry_ash_free;;measured;phyllis2-tno;Phyllis2 record #3161;1996;Hydrogen;Wheat straw (Denmark);no;yes;;machine;;
tarwe-stro;oxygen;point;37.24;;;;;%;fresh;;unknown;phyllis2-tno;Phyllis2 record #3161;1996;Oxygen;Wheat straw (Denmark);no;yes;;machine;;usually taken by difference rather than determined, and the record does not say which
tarwe-stro;oxygen;point;41.49;;;;;%;dry;;unknown;phyllis2-tno;Phyllis2 record #3161;1996;Oxygen;Wheat straw (Denmark);no;no;;machine;;usually taken by difference rather than determined, and the record does not say which
tarwe-stro;oxygen;point;43.54;;;;;%;dry_ash_free;;unknown;phyllis2-tno;Phyllis2 record #3161;1996;Oxygen;Wheat straw (Denmark);no;yes;;machine;;usually taken by difference rather than determined, and the record does not say which
tarwe-stro;total_nitrogen;point;0.52;;;;;%;fresh;;measured;phyllis2-tno;Phyllis2 record #3161;1996;Nitrogen;Wheat straw (Denmark);no;yes;;machine;;
tarwe-stro;total_nitrogen;point;0.58;;;;;%;dry;;measured;phyllis2-tno;Phyllis2 record #3161;1996;Nitrogen;Wheat straw (Denmark);no;no;;machine;;
tarwe-stro;total_nitrogen;point;0.61;;;;;%;dry_ash_free;;measured;phyllis2-tno;Phyllis2 record #3161;1996;Nitrogen;Wheat straw (Denmark);no;yes;;machine;;
tarwe-stro;sulphur;point;0.06;;;;;%;fresh;;measured;phyllis2-tno;Phyllis2 record #3161;1996;Sulphur;Wheat straw (Denmark);no;yes;;machine;;
tarwe-stro;sulphur;point;0.07;;;;;%;dry;;measured;phyllis2-tno;Phyllis2 record #3161;1996;Sulphur;Wheat straw (Denmark);no;no;;machine;;
tarwe-stro;sulphur;point;0.07;;;;;%;dry_ash_free;;measured;phyllis2-tno;Phyllis2 record #3161;1996;Sulphur;Wheat straw (Denmark);no;yes;;machine;;
tarwe-stro;chlorine;point;1534.7;;;;;mg/kg;fresh;;measured;phyllis2-tno;Phyllis2 record #3161;1996;Chlorine (Cl);Wheat straw (Denmark);no;yes;;machine;;total Cl from elemental analysis, not water-soluble chloride
tarwe-stro;chlorine;point;1710.0;;;;;mg/kg;dry;;measured;phyllis2-tno;Phyllis2 record #3161;1996;Chlorine (Cl);Wheat straw (Denmark);no;no;;machine;;total Cl from elemental analysis, not water-soluble chloride
tarwe-stro;chlorine;point;1794.5;;;;;mg/kg;dry_ash_free;;measured;phyllis2-tno;Phyllis2 record #3161;1996;Chlorine (Cl);Wheat straw (Denmark);no;yes;;machine;;total Cl from elemental analysis, not water-soluble chloride
tarwe-stro;lhv;point;15.59;;;;;MJ/kg;fresh;;calculated;phyllis2-tno;Phyllis2 record #3161;1996;Net calorific value (LHV);Wheat straw (Denmark);no;yes;;machine;;recomputed per basis from HHV and the water actually present - NOT a rescaling of the other bases
tarwe-stro;lhv;point;17.65;;;;;MJ/kg;dry;;calculated;phyllis2-tno;Phyllis2 record #3161;1996;Net calorific value (LHV);Wheat straw (Denmark);no;no;;machine;;recomputed per basis from HHV and the water actually present - NOT a rescaling of the other bases
tarwe-stro;lhv;point;18.52;;;;;MJ/kg;dry_ash_free;;calculated;phyllis2-tno;Phyllis2 record #3161;1996;Net calorific value (LHV);Wheat straw (Denmark);no;yes;;machine;;recomputed per basis from HHV and the water actually present - NOT a rescaling of the other bases
tarwe-stro;hhv;point;17.00;;;;;MJ/kg;fresh;;measured;phyllis2-tno;Phyllis2 record #3161;1996;Gross calorific value (HHV);Wheat straw (Denmark);no;yes;;machine;;
tarwe-stro;hhv;point;18.94;;;;;MJ/kg;dry;;measured;phyllis2-tno;Phyllis2 record #3161;1996;Gross calorific value (HHV);Wheat straw (Denmark);no;no;;machine;;
tarwe-stro;hhv;point;19.88;;;;;MJ/kg;dry_ash_free;;measured;phyllis2-tno;Phyllis2 record #3161;1996;Gross calorific value (HHV);Wheat straw (Denmark);no;yes;;machine;;
mais-stro;moisture;point;6.06;;;;;%;fresh;;measured;phyllis2-tno;Phyllis2 record #704;;Moisture content;Corn stover;no;no;REFERENCE IS A DEAD LINK - provenance does not resolve to a document;machine;;
mais-stro;ash;point;4.75;;;;;%;fresh;ash-550;measured;phyllis2-tno;Phyllis2 record #704;;Ash content at 550 C;Corn stover;no;yes;REFERENCE IS A DEAD LINK - provenance does not resolve to a document;machine;;
mais-stro;ash;point;5.06;;;;;%;dry;ash-550;measured;phyllis2-tno;Phyllis2 record #704;;Ash content at 550 C;Corn stover;no;no;REFERENCE IS A DEAD LINK - provenance does not resolve to a document;machine;;
mais-stro;volatile_matter;point;75.96;;;;;%;fresh;;measured;phyllis2-tno;Phyllis2 record #704;;Volatile matter;Corn stover;no;yes;REFERENCE IS A DEAD LINK - provenance does not resolve to a document;machine;;
mais-stro;volatile_matter;point;80.86;;;;;%;dry;;measured;phyllis2-tno;Phyllis2 record #704;;Volatile matter;Corn stover;no;no;REFERENCE IS A DEAD LINK - provenance does not resolve to a document;machine;;
mais-stro;volatile_matter;point;85.17;;;;;%;dry_ash_free;;measured;phyllis2-tno;Phyllis2 record #704;;Volatile matter;Corn stover;no;yes;REFERENCE IS A DEAD LINK - provenance does not resolve to a document;machine;;
mais-stro;fixed_carbon;point;13.23;;;;;%;fresh;;calculated;phyllis2-tno;Phyllis2 record #704;;Fixed carbon;Corn stover;no;yes;REFERENCE IS A DEAD LINK - provenance does not resolve to a document;machine;;100 minus moisture, ash and volatile matter - arithmetic by the source
mais-stro;fixed_carbon;point;14.08;;;;;%;dry;;calculated;phyllis2-tno;Phyllis2 record #704;;Fixed carbon;Corn stover;no;no;REFERENCE IS A DEAD LINK - provenance does not resolve to a document;machine;;100 minus moisture, ash and volatile matter - arithmetic by the source
mais-stro;fixed_carbon;point;14.83;;;;;%;dry_ash_free;;calculated;phyllis2-tno;Phyllis2 record #704;;Fixed carbon;Corn stover;no;yes;REFERENCE IS A DEAD LINK - provenance does not resolve to a document;machine;;100 minus moisture, ash and volatile matter - arithmetic by the source
mais-stro;total_carbon;point;43.98;;;;;%;fresh;;measured;phyllis2-tno;Phyllis2 record #704;;Carbon;Corn stover;no;yes;REFERENCE IS A DEAD LINK - provenance does not resolve to a document;machine;;
mais-stro;total_carbon;point;46.82;;;;;%;dry;;measured;phyllis2-tno;Phyllis2 record #704;;Carbon;Corn stover;no;no;REFERENCE IS A DEAD LINK - provenance does not resolve to a document;machine;;
mais-stro;total_carbon;point;49.31;;;;;%;dry_ash_free;;measured;phyllis2-tno;Phyllis2 record #704;;Carbon;Corn stover;no;yes;REFERENCE IS A DEAD LINK - provenance does not resolve to a document;machine;;
mais-stro;hydrogen;point;5.39;;;;;%;fresh;;measured;phyllis2-tno;Phyllis2 record #704;;Hydrogen;Corn stover;no;yes;REFERENCE IS A DEAD LINK - provenance does not resolve to a document;machine;;
mais-stro;hydrogen;point;5.74;;;;;%;dry;;measured;phyllis2-tno;Phyllis2 record #704;;Hydrogen;Corn stover;no;no;REFERENCE IS A DEAD LINK - provenance does not resolve to a document;machine;;
mais-stro;hydrogen;point;6.04;;;;;%;dry_ash_free;;measured;phyllis2-tno;Phyllis2 record #704;;Hydrogen;Corn stover;no;yes;REFERENCE IS A DEAD LINK - provenance does not resolve to a document;machine;;
mais-stro;oxygen;point;38.85;;;;;%;fresh;;unknown;phyllis2-tno;Phyllis2 record #704;;Oxygen;Corn stover;no;yes;REFERENCE IS A DEAD LINK - provenance does not resolve to a document;machine;;usually taken by difference rather than determined, and the record does not say which
mais-stro;oxygen;point;41.36;;;;;%;dry;;unknown;phyllis2-tno;Phyllis2 record #704;;Oxygen;Corn stover;no;no;REFERENCE IS A DEAD LINK - provenance does not resolve to a document;machine;;usually taken by difference rather than determined, and the record does not say which
mais-stro;oxygen;point;43.56;;;;;%;dry_ash_free;;unknown;phyllis2-tno;Phyllis2 record #704;;Oxygen;Corn stover;no;yes;REFERENCE IS A DEAD LINK - provenance does not resolve to a document;machine;;usually taken by difference rather than determined, and the record does not say which
mais-stro;total_nitrogen;point;0.62;;;;;%;fresh;;measured;phyllis2-tno;Phyllis2 record #704;;Nitrogen;Corn stover;no;yes;REFERENCE IS A DEAD LINK - provenance does not resolve to a document;machine;;
mais-stro;total_nitrogen;point;0.66;;;;;%;dry;;measured;phyllis2-tno;Phyllis2 record #704;;Nitrogen;Corn stover;no;no;REFERENCE IS A DEAD LINK - provenance does not resolve to a document;machine;;
mais-stro;total_nitrogen;point;0.70;;;;;%;dry_ash_free;;measured;phyllis2-tno;Phyllis2 record #704;;Nitrogen;Corn stover;no;yes;REFERENCE IS A DEAD LINK - provenance does not resolve to a document;machine;;
mais-stro;sulphur;point;0.10;;;;;%;fresh;;measured;phyllis2-tno;Phyllis2 record #704;;Sulphur;Corn stover;no;yes;REFERENCE IS A DEAD LINK - provenance does not resolve to a document;machine;;
mais-stro;sulphur;point;0.11;;;;;%;dry;;measured;phyllis2-tno;Phyllis2 record #704;;Sulphur;Corn stover;no;no;REFERENCE IS A DEAD LINK - provenance does not resolve to a document;machine;;
mais-stro;sulphur;point;0.11;;;;;%;dry_ash_free;;measured;phyllis2-tno;Phyllis2 record #704;;Sulphur;Corn stover;no;yes;REFERENCE IS A DEAD LINK - provenance does not resolve to a document;machine;;
mais-stro;chlorine;point;2500.0;;;;;mg/kg;fresh;;measured;phyllis2-tno;Phyllis2 record #704;;Chlorine (Cl);Corn stover;no;yes;REFERENCE IS A DEAD LINK - provenance does not resolve to a document;machine;;total Cl from elemental analysis, not water-soluble chloride
mais-stro;chlorine;point;2661.3;;;;;mg/kg;dry;;measured;phyllis2-tno;Phyllis2 record #704;;Chlorine (Cl);Corn stover;no;no;REFERENCE IS A DEAD LINK - provenance does not resolve to a document;machine;;total Cl from elemental analysis, not water-soluble chloride
mais-stro;chlorine;point;2803.0;;;;;mg/kg;dry_ash_free;;measured;phyllis2-tno;Phyllis2 record #704;;Chlorine (Cl);Corn stover;no;yes;REFERENCE IS A DEAD LINK - provenance does not resolve to a document;machine;;total Cl from elemental analysis, not water-soluble chloride
mais-stro;lhv;point;15.68;;;;;MJ/kg;fresh;;calculated;phyllis2-tno;Phyllis2 record #704;;Net calorific value (LHV);Corn stover;no;yes;REFERENCE IS A DEAD LINK - provenance does not resolve to a document;machine;;recomputed per basis from HHV and the water actually present - NOT a rescaling of the other bases
mais-stro;lhv;point;16.85;;;;;MJ/kg;dry;;calculated;phyllis2-tno;Phyllis2 record #704;;Net calorific value (LHV);Corn stover;no;no;REFERENCE IS A DEAD LINK - provenance does not resolve to a document;machine;;recomputed per basis from HHV and the water actually present - NOT a rescaling of the other bases
mais-stro;lhv;point;17.75;;;;;MJ/kg;dry_ash_free;;calculated;phyllis2-tno;Phyllis2 record #704;;Net calorific value (LHV);Corn stover;no;yes;REFERENCE IS A DEAD LINK - provenance does not resolve to a document;machine;;recomputed per basis from HHV and the water actually present - NOT a rescaling of the other bases
mais-stro;hhv;point;17.00;;;;;MJ/kg;fresh;;measured;phyllis2-tno;Phyllis2 record #704;;Gross calorific value (HHV);Corn stover;no;yes;REFERENCE IS A DEAD LINK - provenance does not resolve to a document;machine;;
mais-stro;hhv;point;18.10;;;;;MJ/kg;dry;;measured;phyllis2-tno;Phyllis2 record #704;;Gross calorific value (HHV);Corn stover;no;no;REFERENCE IS A DEAD LINK - provenance does not resolve to a document;machine;;
mais-stro;hhv;point;19.06;;;;;MJ/kg;dry_ash_free;;measured;phyllis2-tno;Phyllis2 record #704;;Gross calorific value (HHV);Corn stover;no;yes;REFERENCE IS A DEAD LINK - provenance does not resolve to a document;machine;;
raapzaad-stro;ash;point;5.14;;;;;%;dry;ash-550;measured;phyllis2-tno;Phyllis2 record #3131;2002;Ash content at 550 C;Rapestraw (Austria);no;no;PARTIAL TRANSCRIPTION - several proximate and ultimate cells were not returned legibly, and the 'Total (with halides)' pair reads as 5.62 dry / 0.51 daf, which cannot both be right. Re-read the record before loading.;machine;;
raapzaad-stro;sulphur;point;0.21;;;;;%;dry;;measured;phyllis2-tno;Phyllis2 record #3131;2002;Sulphur;Rapestraw (Austria);no;no;PARTIAL TRANSCRIPTION - several proximate and ultimate cells were not returned legibly, and the 'Total (with halides)' pair reads as 5.62 dry / 0.51 daf, which cannot both be right. Re-read the record before loading.;machine;;
raapzaad-stro;sulphur;point;0.22;;;;;%;dry_ash_free;;measured;phyllis2-tno;Phyllis2 record #3131;2002;Sulphur;Rapestraw (Austria);no;yes;PARTIAL TRANSCRIPTION - several proximate and ultimate cells were not returned legibly, and the 'Total (with halides)' pair reads as 5.62 dry / 0.51 daf, which cannot both be right. Re-read the record before loading.;machine;;
raapzaad-stro;chlorine;point;2768.0;;;;;mg/kg;dry;;measured;phyllis2-tno;Phyllis2 record #3131;2002;Chlorine (Cl);Rapestraw (Austria);no;no;PARTIAL TRANSCRIPTION - several proximate and ultimate cells were not returned legibly, and the 'Total (with halides)' pair reads as 5.62 dry / 0.51 daf, which cannot both be right. Re-read the record before loading.;machine;;total Cl from elemental analysis, not water-soluble chloride
raapzaad-stro;chlorine;point;2918.0;;;;;mg/kg;dry_ash_free;;measured;phyllis2-tno;Phyllis2 record #3131;2002;Chlorine (Cl);Rapestraw (Austria);no;yes;PARTIAL TRANSCRIPTION - several proximate and ultimate cells were not returned legibly, and the 'Total (with halides)' pair reads as 5.62 dry / 0.51 daf, which cannot both be right. Re-read the record before loading.;machine;;total Cl from elemental analysis, not water-soluble chloride
raapzaad-stro;hhv;point;17.71;;;;;MJ/kg;fresh;;measured;phyllis2-tno;Phyllis2 record #3131;2002;Gross calorific value (HHV);Rapestraw (Austria);no;yes;PARTIAL TRANSCRIPTION - several proximate and ultimate cells were not returned legibly, and the 'Total (with halides)' pair reads as 5.62 dry / 0.51 daf, which cannot both be right. Re-read the record before loading.;machine;;
raapzaad-stro;hhv;point;18.67;;;;;MJ/kg;dry;;measured;phyllis2-tno;Phyllis2 record #3131;2002;Gross calorific value (HHV);Rapestraw (Austria);no;no;PARTIAL TRANSCRIPTION - several proximate and ultimate cells were not returned legibly, and the 'Total (with halides)' pair reads as 5.62 dry / 0.51 daf, which cannot both be right. Re-read the record before loading.;machine;;
suikerbiet-loof;ash;point;5.00;;;;;%;dry;ash-550;measured;phyllis2-tno;Phyllis2 record #1053;1997;Ash content at 550 C;Beet tail and beet green;no;no;LOW CONFIDENCE - every value is a round number (10.00, 10.00, 5.00, 5.00) from a 1997 confidential report. Reads as an estimate, not a measurement. Record remark: 'sugars 5%'.;machine;;
suikerbiet-loof;cellulose;point;10.00;;;;;%;dry;;measured;phyllis2-tno;Phyllis2 record #1053;1997;Cellulose;Beet tail and beet green;no;no;LOW CONFIDENCE - every value is a round number (10.00, 10.00, 5.00, 5.00) from a 1997 confidential report. Reads as an estimate, not a measurement. Record remark: 'sugars 5%'.;machine;;
suikerbiet-loof;hemicellulose;point;10.00;;;;;%;dry;;measured;phyllis2-tno;Phyllis2 record #1053;1997;Hemicellulose;Beet tail and beet green;no;no;LOW CONFIDENCE - every value is a round number (10.00, 10.00, 5.00, 5.00) from a 1997 confidential report. Reads as an estimate, not a measurement. Record remark: 'sugars 5%'.;machine;;
suikerbiet-loof;lignin;point;5.00;;;;;%;dry;;measured;phyllis2-tno;Phyllis2 record #1053;1997;Lignin;Beet tail and beet green;no;no;LOW CONFIDENCE - every value is a round number (10.00, 10.00, 5.00, 5.00) from a 1997 confidential report. Reads as an estimate, not a measurement. Record remark: 'sugars 5%'.;machine;;the record says only lignin - neither ADL nor Klason is named
bloemkool;cadmium;point;0.1;;;;;mg/kg;dry;;measured;phyllis2-tno;Phyllis2 record #1564;1993;Cadmium (Cd);Cauliflower;no;no;The record holds ONLY heavy metals - no main biomass properties at all. Record remark: 'Average of 35 samples'.;machine;;
bloemkool;lead;point;0.1;;;;;mg/kg;dry;;measured;phyllis2-tno;Phyllis2 record #1564;1993;Lead (Pb);Cauliflower;no;no;The record holds ONLY heavy metals - no main biomass properties at all. Record remark: 'Average of 35 samples'.;machine;;
