chain_order;branch;chain_L2;meaning;variants_to_map;notes
1;land;Primaire productie;Farm-level primary production - crops AND livestock (growing & harvesting);Landbouw (teelt) | Tuinbouw (teelt) | Landbouw | Fruitteelt | Tuinbouw;"Order is a rough field->consumer chronology, NOT a mandatory sequence; streams branch and need not pass every stage. Covers livestock farming, not only crops."
1;sea;Visserij;Catching fish at sea (sea equivalent of primary production);Visserij;If a source lumps catching and auction together, assign by what the figure is: a landing volume is Visserij.
2;land;Producentenorganisaties/veilingen;"Pooling & auctioning of produce; market withdrawal (doordraai) happens here";Veilingen | Producentenorganisaties;A parallel marketing channel (mainly fresh fruit & veg), NOT a stage every stream passes through.
2;sea;Visveilingen;Fish auctions (sea equivalent of veilingen);Visveilingen;If a source lumps catching and auction, a withdrawn-at-auction figure goes here.
3;both;Voedingsindustrie;Processing / manufacturing / slaughter;Verwerkende industrie;Many contract crops go farm->industry directly, skipping veilingen.
4;both;Retail & grootdistributie;Distribution & retail sale;Retail | Distributieplatformen;
5;both;Horeca & catering;Food service / out-of-home consumption;Horeca | Catering;
98;cross;meerdere stadia;"A figure spanning several stages but NOT the whole chain (e.g. a primary-sector total covering visserij + visveilingen + landbouw + PO's)";Primaire sector | Landbouw en PO's;"Added 2026-08-14 (S080): the value the 'Volledige keten' note already prescribed, now an explicit member. Never use it where a single stage fits."
99;cross;Volledige keten;"A figure spanning the whole chain (aggregate; no single stage)";Gemengd (ONLY if it is truly the sum of all chain parts);If 'Gemengd' is not a genuine all-chain sum, keep it as its own value 'meerdere stadia' instead.
