raw_term;status;maps_to;L1_role;edible_inedible;definition;notes
hoofdstroom;canonical;hoofdstroom;Productievolume;n.v.t.;The main product itself - total volume produced. Not waste.;"Context / denominator only; generally excluded from BioMobi's sidestream focus."
agri-food waste;canonical;agri-food waste;Reststroom;onbepaald;Residual stream where the source does NOT split edible vs inedible = the total.;= nevenstroom + voedselverlies. If assigned only because the source gave no edible/inedible detail, set type_assumed = TRUE.
nevenstroom;canonical;nevenstroom;Reststroom;oneetbaar;The inedible by-product: peels, leaves, stems, bones, etc.;One half of agri-food waste.
voedselverlies;canonical;voedselverlies;Reststroom;eetbaar;Edible food that is lost or discarded.;One half of agri-food waste.
biomassareststroom;merged;agri-food waste;Reststroom;onbepaald;(retired) Broadest residual-biomass category.;Merged into agri-food waste: in BioMobi's food-biomass scope it is not distinct from voedselreststroom.
voedselreststroom;merged;agri-food waste;Reststroom;onbepaald;(retired) Food-related residual stream.;Merged into agri-food waste.
productieverlies;retired-name;agri-food waste (or nevenstroom/voedselverlies if the source specifies);Reststroom;usually edible;(retired) Product rejected / substandard during processing.;"chain_L2 = Voedingsindustrie. Keep the word in source_type_label; if defaulted for lack of detail, type_assumed = TRUE."
doordraai;retired-name;agri-food waste (or voedselverlies if the source specifies);Reststroom;usually edible;(retired) Produce withdrawn from the market at auction.;chain_L2 = Producentenorganisaties/veilingen. Keep the word in source_type_label.
voedselafval;retired-name;agri-food waste;Reststroom;mixed;(retired) Final food waste at the retail / consumer end.;chain_L2 = Retail & grootdistributie or Horeca & catering. Keep the word in source_type_label.
productieresidu;source-term;agri-food waste;Reststroom;onbepaald;"(MONBIO term, added 2026-08-16) Comparable to a nevenstroom but without economic value, with or without waste status.";"MONBIO (S005/S006/S007/S091) splits its residual streams into 'nevenstromen' and 'productieresiduen' on an ECONOMIC axis (has value / has none), not on the register's edible/inedible axis. Neither term can therefore be mapped to the register's nevenstroom. Session decision 2026-08-16: BOTH MONBIO terms map to agri-food waste with type_assumed = TRUE, keeping the source's own word in source_type_label."
nevenstroom (MONBIO-definitie);source-term;agri-food waste;Reststroom;onbepaald;"(MONBIO term, added 2026-08-16) A stream with economic value that is not the primary objective of production.";"NOT the register's 'nevenstroom' - see the productieresidu row above. Maps to agri-food waste, type_assumed = TRUE."
afgeleid product;discarded;-;-;-;(out of scope) A processed product derived from a residual (diermeel, dierlijke vetten, ...).;Not a raw sidestream - excluded from BioMobi.
schenking;discarded;-;-;-;(out of scope) Surplus food redirected as donation.;Goes to human consumption - not available biomass.
slib;discarded;-;-;-;(out of scope) Sludge.;Excluded from BioMobi.
